{"type":"FeatureCollection","features":[{"type":"Feature","geometry":{"type":"Polygon","coordinates":[[[15.35637,41.21578],[15.3504,41.21705],[15.33837,41.20922],[15.32617,41.214],[15.32328,41.20684],[15.30688,41.19784],[15.30333,41.18967],[15.29497,41.18239],[15.28292,41.16874],[15.2909,41.15781],[15.31255,41.16123],[15.32569,41.15027],[15.33119,41.14936],[15.34212,41.15765],[15.36279,41.16521],[15.36343,41.18452],[15.36224,41.19097],[15.35443,41.19663],[15.35274,41.20252],[15.35668,41.20796],[15.35637,41.21578]]]},"properties":{"nome":"Accadia","prov":"FG","prov_nome":"Foggia","istat":"071001"}},{"type":"Feature","geometry":{"type":"Polygon","coordinates":[[[15.2429,41.47278],[15.23265,41.49033],[15.22421,41.48674],[15.17611,41.48133],[15.17209,41.47463],[15.1771,41.46421],[15.16892,41.45831],[15.12267,41.45542],[15.1149,41.45696],[15.11042,41.44203],[15.10517,41.43581],[15.09834,41.43403],[15.10304,41.42086],[15.09172,41.41792],[15.08655,41.40415],[15.09831,41.39057],[15.10468,41.38852],[15.12459,41.39096],[15.13525,41.39512],[15.14112,41.40029],[15.14776,41.40695],[15.15755,41.40812],[15.16957,41.41238],[15.17616,41.41926],[15.16388,41.44674],[15.16511,41.45286],[15.17103,41.45673],[15.19846,41.46298],[15.20381,41.46893],[15.21054,41.47098],[15.23254,41.46997],[15.2429,41.47278]]]},"properties":{"nome":"Alberona","prov":"FG","prov_nome":"Foggia","istat":"071002"}},{"type":"Feature","geometry":{"type":"Polygon","coordinates":[[[15.31436,41.10389],[15.30738,41.11305],[15.30827,41.12559],[15.30485,41.12877],[15.29375,41.13002],[15.27903,41.12385],[15.26777,41.11392],[15.26378,41.11345],[15.26214,41.10762],[15.28128,41.0993],[15.2978,41.0944],[15.31436,41.10389]]]},"properties":{"nome":"Anzano di Puglia","prov":"FG","prov_nome":"Foggia","istat":"071003"}},{"type":"Feature","geometry":{"type":"Polygon","coordinates":[[[15.55866,41.74772],[15.54704,41.74799],[15.54145,41.75323],[15.56344,41.78198],[15.52813,41.7991],[15.51181,41.81396],[15.50587,41.82237],[15.5088,41.83658],[15.50654,41.84298],[15.49552,41.84692],[15.48491,41.84595],[15.47237,41.84166],[15.47276,41.8321],[15.46602,41.83252],[15.45528,41.83779],[15.45511,41.85085],[15.44536,41.84137],[15.43904,41.83087],[15.42928,41.82665],[15.41237,41.81571],[15.39691,41.80378],[15.38086,41.80414],[15.36204,41.81143],[15.34849,41.81148],[15.34408,41.79981],[15.33269,41.8047],[15.31692,41.80103],[15.30645,41.80316],[15.32019,41.77606],[15.32625,41.76965],[15.33388,41.76639],[15.34188,41.77183],[15.36191,41.77442],[15.38299,41.76229],[15.39364,41.75334],[15.413,41.74599],[15.42552,41.73423],[15.45704,41.72419],[15.48156,41.72637],[15.49765,41.72079],[15.50311,41.71479],[15.51574,41.71273],[15.51475,41.70075],[15.51893,41.69636],[15.52892,41.7015],[15.55128,41.70465],[15.5461,41.71192],[15.54778,41.72131],[15.53918,41.72629],[15.55866,41.74772]]]},"properties":{"nome":"Apricena","prov":"FG","prov_nome":"Foggia","istat":"071004"}},{"type":"Feature","geometry":{"type":"MultiPolygon","coordinates":[[[[15.72482,41.21946],[15.72452,41.20749],[15.74029,41.21546],[15.73495,41.21946],[15.72482,41.21946]]],[[[15.60419,41.26315],[15.58288,41.27474],[15.59163,41.29241],[15.60177,41.30057],[15.59302,41.31869],[15.58279,41.32434],[15.56679,41.33859],[15.5646,41.33829],[15.55864,41.33752],[15.54291,41.33089],[15.51874,41.32272],[15.52617,41.2974],[15.53047,41.29385],[15.51999,41.28965],[15.51457,41.28228],[15.5164,41.27243],[15.50831,41.2718],[15.49231,41.26203],[15.49227,41.25957],[15.47796,41.24815],[15.47962,41.22261],[15.48285,41.21128],[15.48077,41.20721],[15.48953,41.20366],[15.51414,41.19893],[15.51497,41.19315],[15.53212,41.18143],[15.53749,41.17067],[15.54796,41.1554],[15.56292,41.1511],[15.57209,41.14119],[15.60633,41.13497],[15.61377,41.12879],[15.63521,41.1346],[15.63387,41.12716],[15.65053,41.12792],[15.68084,41.12362],[15.68201,41.11994],[15.67941,41.0868],[15.72032,41.09009],[15.7322,41.09892],[15.75119,41.0979],[15.7684,41.08319],[15.78287,41.08972],[15.78881,41.08776],[15.79873,41.09198],[15.80357,41.11089],[15.80811,41.11369],[15.80681,41.11704],[15.81587,41.12246],[15.80942,41.13003],[15.7957,41.13372],[15.78292,41.13056],[15.77756,41.13432],[15.75696,41.15742],[15.74254,41.15898],[15.73429,41.15436],[15.72206,41.15226],[15.71096,41.15694],[15.70759,41.16486],[15.7149,41.16991],[15.70605,41.18372],[15.70481,41.19032],[15.71354,41.19026],[15.71239,41.20482],[15.7022,41.21711],[15.69725,41.23637],[15.70678,41.24182],[15.70146,41.24803],[15.68995,41.24857],[15.68084,41.25177],[15.67042,41.26254],[15.66343,41.257],[15.65646,41.26106],[15.6442,41.2465],[15.63187,41.24805],[15.60364,41.25987],[15.60419,41.26315]]]]},"properties":{"nome":"Ascoli Satriano","prov":"FG","prov_nome":"Foggia","istat":"071005"}},{"type":"Feature","geometry":{"type":"Polygon","coordinates":[[[15.14112,41.40029],[15.14062,41.39085],[15.1458,41.38007],[15.15074,41.36222],[15.16133,41.36606],[15.16721,41.36641],[15.17446,41.3657],[15.1874,41.37029],[15.21506,41.37149],[15.22053,41.37336],[15.23179,41.38692],[15.24936,41.38152],[15.26232,41.39411],[15.27745,41.41191],[15.28421,41.41796],[15.29223,41.43117],[15.29934,41.44967],[15.28711,41.4537],[15.28282,41.46661],[15.27109,41.48163],[15.25628,41.47435],[15.2429,41.47278],[15.23254,41.46997],[15.21054,41.47098],[15.20381,41.46893],[15.19846,41.46298],[15.17103,41.45673],[15.16511,41.45286],[15.16388,41.44674],[15.17616,41.41926],[15.16957,41.41238],[15.15755,41.40812],[15.14776,41.40695],[15.14112,41.40029]]]},"properties":{"nome":"Biccari","prov":"FG","prov_nome":"Foggia","istat":"071006"}},{"type":"Feature","geometry":{"type":"Polygon","coordinates":[[[15.35637,41.21578],[15.37359,41.23552],[15.39326,41.24506],[15.39964,41.25041],[15.42564,41.26396],[15.43704,41.2742],[15.44644,41.27908],[15.4535,41.28557],[15.43709,41.30115],[15.42269,41.30698],[15.4158,41.314],[15.40466,41.31006],[15.40051,41.31179],[15.36911,41.31784],[15.35783,41.31736],[15.34636,41.31241],[15.32784,41.30707],[15.32695,41.29905],[15.33101,41.27836],[15.34242,41.26685],[15.32562,41.25896],[15.30891,41.25471],[15.29605,41.25872],[15.28964,41.24077],[15.29572,41.24234],[15.30419,41.23896],[15.31978,41.21927],[15.32617,41.214],[15.33837,41.20922],[15.3504,41.21705],[15.35637,41.21578]]]},"properties":{"nome":"Bovino","prov":"FG","prov_nome":"Foggia","istat":"071007"}},{"type":"Feature","geometry":{"type":"Polygon","coordinates":[[[15.7377,41.91577],[15.70131,41.91434],[15.68344,41.91441],[15.67195,41.91609],[15.65986,41.92159],[15.64701,41.90948],[15.63254,41.88994],[15.63545,41.86581],[15.64616,41.8578],[15.65695,41.85776],[15.67469,41.8489],[15.67632,41.83439],[15.66855,41.82951],[15.68142,41.8112],[15.69772,41.8001],[15.71903,41.79389],[15.76436,41.77869],[15.7847,41.76941],[15.79843,41.76581],[15.80706,41.76816],[15.81251,41.77125],[15.82987,41.77585],[15.83887,41.77442],[15.8446,41.78206],[15.84074,41.78754],[15.83489,41.79795],[15.83722,41.80772],[15.81268,41.82594],[15.80709,41.83208],[15.80141,41.84908],[15.78193,41.86656],[15.74724,41.90035],[15.74057,41.9077],[15.7377,41.91577]]]},"properties":{"nome":"Cagnano Varano","prov":"FG","prov_nome":"Foggia","istat":"071008"}},{"type":"Feature","geometry":{"type":"Polygon","coordinates":[[[15.48077,41.20721],[15.46973,41.2102],[15.46602,41.20321],[15.47574,41.19361],[15.49572,41.16968],[15.47885,41.15947],[15.47771,41.15105],[15.49043,41.14503],[15.48684,41.1357],[15.49489,41.12046],[15.50463,41.1081],[15.51772,41.10393],[15.53568,41.10332],[15.5454,41.10491],[15.55694,41.11116],[15.57434,41.09408],[15.58574,41.09826],[15.60422,41.09661],[15.6133,41.09823],[15.6308,41.09669],[15.63592,41.09246],[15.64733,41.08962],[15.65613,41.0912],[15.67569,41.0894],[15.67941,41.0868],[15.68201,41.11994],[15.68084,41.12362],[15.65053,41.12792],[15.63387,41.12716],[15.63521,41.1346],[15.61377,41.12879],[15.60633,41.13497],[15.57209,41.14119],[15.56292,41.1511],[15.54796,41.1554],[15.53749,41.17067],[15.53212,41.18143],[15.51497,41.19315],[15.51414,41.19893],[15.48953,41.20366],[15.48077,41.20721]]]},"properties":{"nome":"Candela","prov":"FG","prov_nome":"Foggia","istat":"071009"}},{"type":"Feature","geometry":{"type":"Polygon","coordinates":[[[15.7797,41.38087],[15.76264,41.39543],[15.7489,41.38909],[15.74402,41.38272],[15.74781,41.3765],[15.74098,41.3735],[15.73259,41.37925],[15.72706,41.37943],[15.69283,41.37179],[15.67962,41.37082],[15.6783,41.36373],[15.66559,41.35782],[15.65877,41.34914],[15.64425,41.34997],[15.62134,41.34078],[15.62959,41.32671],[15.64401,41.33403],[15.65923,41.33965],[15.67114,41.34862],[15.68734,41.34135],[15.69494,41.34614],[15.70781,41.36077],[15.71464,41.35707],[15.73688,41.36991],[15.75527,41.36828],[15.78656,41.37793],[15.7797,41.38087]]]},"properties":{"nome":"Carapelle","prov":"FG","prov_nome":"Foggia","istat":"071010"}},{"type":"Feature","geometry":{"type":"Polygon","coordinates":[[[15.02596,41.6226],[15.00634,41.62306],[14.98955,41.63329],[14.9887,41.63781],[14.96403,41.64339],[14.95545,41.64225],[14.94958,41.63289],[14.93679,41.6232],[14.93652,41.61566],[14.94736,41.6077],[14.94952,41.59178],[14.94676,41.58403],[14.96016,41.58681],[14.97278,41.58383],[14.98004,41.58846],[14.98702,41.58894],[14.99927,41.58455],[15.01084,41.58918],[15.01832,41.59893],[15.02861,41.60371],[15.02682,41.62056],[15.02596,41.6226]]]},"properties":{"nome":"Carlantino","prov":"FG","prov_nome":"Foggia","istat":"071011"}},{"type":"Feature","geometry":{"type":"Polygon","coordinates":[[[15.84074,41.78754],[15.86457,41.78698],[15.89017,41.78008],[15.90857,41.78672],[15.94334,41.79556],[15.95836,41.80813],[15.94309,41.81268],[15.94082,41.81812],[15.91928,41.83188],[15.91558,41.83773],[15.90858,41.84329],[15.8919,41.85014],[15.87973,41.86318],[15.86192,41.87613],[15.85528,41.87483],[15.84101,41.86445],[15.81683,41.86355],[15.80845,41.86656],[15.78193,41.86656],[15.80141,41.84908],[15.80709,41.83208],[15.81268,41.82594],[15.83722,41.80772],[15.83489,41.79795],[15.84074,41.78754]]]},"properties":{"nome":"Carpino","prov":"FG","prov_nome":"Foggia","istat":"071012"}},{"type":"Feature","geometry":{"type":"Polygon","coordinates":[[[15.02682,41.62056],[15.0366,41.61499],[15.04167,41.6036],[15.05526,41.58492],[15.06393,41.5802],[15.07257,41.58116],[15.07912,41.58542],[15.08645,41.59175],[15.11574,41.62516],[15.11658,41.63275],[15.11205,41.65462],[15.11309,41.65878],[15.10277,41.65931],[15.08996,41.672],[15.07338,41.66517],[15.0693,41.66068],[15.05411,41.65947],[15.04831,41.65552],[15.0447,41.64035],[15.02546,41.6341],[15.02596,41.6226],[15.02682,41.62056]]]},"properties":{"nome":"Casalnuovo Monterotaro","prov":"FG","prov_nome":"Foggia","istat":"071013"}},{"type":"Feature","geometry":{"type":"Polygon","coordinates":[[[15.07912,41.58542],[15.08812,41.58455],[15.11042,41.58701],[15.13144,41.59891],[15.14063,41.61085],[15.14639,41.61532],[15.16452,41.62467],[15.17884,41.62922],[15.17162,41.63603],[15.16227,41.64132],[15.16551,41.64787],[15.15728,41.64252],[15.14237,41.64516],[15.15699,41.65746],[15.14586,41.66953],[15.14347,41.67608],[15.12964,41.66994],[15.11893,41.65701],[15.11309,41.65878],[15.11205,41.65462],[15.11658,41.63275],[15.11574,41.62516],[15.08645,41.59175],[15.07912,41.58542]]]},"properties":{"nome":"Casalvecchio di Puglia","prov":"FG","prov_nome":"Foggia","istat":"071014"}},{"type":"Feature","geometry":{"type":"Polygon","coordinates":[[[15.5646,41.33829],[15.5589,41.33878],[15.5514,41.33604],[15.53914,41.34303],[15.51751,41.33846],[15.51285,41.34018],[15.48164,41.33169],[15.46704,41.32597],[15.43628,41.32183],[15.42039,41.31813],[15.4158,41.314],[15.42269,41.30698],[15.43709,41.30115],[15.4535,41.28557],[15.44644,41.27908],[15.45218,41.27064],[15.47753,41.26761],[15.48602,41.26821],[15.49231,41.26203],[15.50831,41.2718],[15.5164,41.27243],[15.51457,41.28228],[15.51999,41.28965],[15.53047,41.29385],[15.52617,41.2974],[15.51874,41.32272],[15.54291,41.33089],[15.55864,41.33752],[15.5646,41.33829]]]},"properties":{"nome":"Castelluccio dei Sauri","prov":"FG","prov_nome":"Foggia","istat":"071015"}},{"type":"Feature","geometry":{"type":"Polygon","coordinates":[[[15.16721,41.36641],[15.1726,41.34732],[15.17943,41.34557],[15.1849,41.33654],[15.19422,41.33092],[15.22373,41.31984],[15.23718,41.32591],[15.22989,41.33837],[15.22956,41.3497],[15.23279,41.3568],[15.24876,41.3781],[15.24936,41.38152],[15.23179,41.38692],[15.22053,41.37336],[15.21506,41.37149],[15.1874,41.37029],[15.17446,41.3657],[15.16721,41.36641]]]},"properties":{"nome":"Castelluccio Valmaggiore","prov":"FG","prov_nome":"Foggia","istat":"071016"}},{"type":"Feature","geometry":{"type":"MultiPolygon","coordinates":[[[[15.23349,41.6185],[15.20976,41.61879],[15.21451,41.60892],[15.23033,41.61399],[15.23349,41.6185]]],[[[15.08812,41.58455],[15.09389,41.58019],[15.09827,41.57185],[15.11175,41.5578],[15.11727,41.5578],[15.1289,41.56322],[15.1516,41.55999],[15.16215,41.56908],[15.18124,41.57517],[15.18782,41.58486],[15.19986,41.59234],[15.20533,41.58829],[15.21501,41.59161],[15.21152,41.59971],[15.20572,41.60866],[15.19573,41.61496],[15.19423,41.62293],[15.19678,41.63008],[15.20391,41.63905],[15.20382,41.64802],[15.18931,41.64744],[15.17162,41.63603],[15.17884,41.62922],[15.16452,41.62467],[15.14639,41.61532],[15.14063,41.61085],[15.13144,41.59891],[15.11042,41.58701],[15.08812,41.58455]]],[[[15.16551,41.64787],[15.17049,41.65743],[15.15699,41.65746],[15.14237,41.64516],[15.15728,41.64252],[15.16551,41.64787]]],[[[15.11309,41.65878],[15.11893,41.65701],[15.12964,41.66994],[15.14347,41.67608],[15.13919,41.68656],[15.1296,41.69024],[15.12423,41.69612],[15.11775,41.69411],[15.10607,41.68561],[15.1052,41.67598],[15.10081,41.67184],[15.08996,41.672],[15.10277,41.65931],[15.11309,41.65878]]]]},"properties":{"nome":"Castelnuovo della Daunia","prov":"FG","prov_nome":"Foggia","istat":"071017"}},{"type":"Feature","geometry":{"type":"Polygon","coordinates":[[[14.94676,41.58403],[14.94805,41.57404],[14.94555,41.56328],[14.93833,41.55073],[14.93588,41.54244],[14.93703,41.52786],[14.94512,41.52183],[14.95299,41.52225],[14.96639,41.51901],[14.97508,41.52954],[14.99125,41.54114],[15.01613,41.54299],[15.02732,41.54555],[15.03169,41.54157],[15.05111,41.539],[15.05913,41.52868],[15.06433,41.52581],[15.0652,41.52582],[15.06367,41.54015],[15.06722,41.55998],[15.06393,41.5802],[15.05526,41.58492],[15.04167,41.6036],[15.0366,41.61499],[15.02682,41.62056],[15.02861,41.60371],[15.01832,41.59893],[15.01084,41.58918],[14.99927,41.58455],[14.98702,41.58894],[14.98004,41.58846],[14.97278,41.58383],[14.96016,41.58681],[14.94676,41.58403]]]},"properties":{"nome":"Celenza Valfortore","prov":"FG","prov_nome":"Foggia","istat":"071018"}},{"type":"Feature","geometry":{"type":"Polygon","coordinates":[[[15.16133,41.36606],[15.16707,41.34529],[15.17405,41.32927],[15.17298,41.31094],[15.18086,41.30187],[15.19614,41.29588],[15.21146,41.28802],[15.21568,41.2979],[15.20094,41.30571],[15.22205,41.30613],[15.23557,41.30766],[15.24015,41.3229],[15.23718,41.32591],[15.22373,41.31984],[15.19422,41.33092],[15.1849,41.33654],[15.17943,41.34557],[15.1726,41.34732],[15.16721,41.36641],[15.16133,41.36606]]]},"properties":{"nome":"Celle di San Vito","prov":"FG","prov_nome":"Foggia","istat":"071019"}},{"type":"Feature","geometry":{"type":"Polygon","coordinates":[[[15.80811,41.11369],[15.82148,41.11953],[15.82508,41.11838],[15.83443,41.13026],[15.84548,41.12445],[15.84722,41.1297],[15.85462,41.13306],[15.86418,41.1308],[15.87025,41.13992],[15.88384,41.1508],[15.89288,41.154],[15.90345,41.16282],[15.91051,41.1661],[15.9176,41.17406],[15.93203,41.18297],[15.95046,41.18339],[15.97698,41.19135],[15.9816,41.19489],[15.99161,41.1954],[15.99648,41.19944],[15.99542,41.20601],[16.01293,41.2118],[16.02041,41.2205],[16.01981,41.22936],[16.01751,41.23915],[16.02868,41.2507],[16.04024,41.26991],[16.02245,41.26398],[16.01253,41.26428],[16.008,41.27364],[15.98759,41.30462],[15.9834,41.30469],[15.98193,41.36079],[15.99214,41.36101],[16.03109,41.37392],[16.03727,41.38342],[16.01767,41.38991],[15.99995,41.40082],[15.98358,41.40549],[15.98022,41.41127],[15.93746,41.42472],[15.93695,41.42582],[15.93134,41.42732],[15.92831,41.46604],[15.91354,41.4765],[15.90147,41.45724],[15.90078,41.45311],[15.89198,41.44325],[15.8838,41.44083],[15.86662,41.43213],[15.84816,41.43212],[15.82157,41.42275],[15.81461,41.41622],[15.80964,41.40307],[15.81403,41.39888],[15.80625,41.39347],[15.78803,41.38851],[15.7797,41.38087],[15.78656,41.37793],[15.80029,41.37196],[15.82721,41.34721],[15.82922,41.34433],[15.80053,41.31085],[15.82018,41.29889],[15.81265,41.28253],[15.82045,41.27896],[15.82017,41.27347],[15.81144,41.26716],[15.78684,41.26253],[15.76887,41.2552],[15.75238,41.24555],[15.73609,41.23965],[15.72579,41.24537],[15.71961,41.25309],[15.70146,41.24803],[15.70678,41.24182],[15.69725,41.23637],[15.7022,41.21711],[15.71239,41.20482],[15.71354,41.19026],[15.70481,41.19032],[15.70605,41.18372],[15.7149,41.16991],[15.70759,41.16486],[15.71096,41.15694],[15.72206,41.15226],[15.73429,41.15436],[15.74254,41.15898],[15.75696,41.15742],[15.77756,41.13432],[15.78292,41.13056],[15.7957,41.13372],[15.80942,41.13003],[15.81587,41.12246],[15.80681,41.11704],[15.80811,41.11369]],[[15.72482,41.21946],[15.73495,41.21946],[15.74029,41.21546],[15.72452,41.20749],[15.72482,41.21946]]]},"properties":{"nome":"Cerignola","prov":"FG","prov_nome":"Foggia","istat":"071020"}},{"type":"Feature","geometry":{"type":"Polygon","coordinates":[[[15.22706,41.9188],[15.18951,41.92035],[15.16824,41.92223],[15.13805,41.92665],[15.13167,41.90343],[15.14059,41.8791],[15.12972,41.8737],[15.12513,41.86233],[15.11467,41.85078],[15.10594,41.84952],[15.10046,41.83356],[15.10455,41.83114],[15.12416,41.83457],[15.1367,41.84267],[15.14713,41.84255],[15.16442,41.83619],[15.16756,41.825],[15.17851,41.83547],[15.18499,41.84579],[15.19856,41.85749],[15.19846,41.86428],[15.20316,41.87064],[15.21005,41.88718],[15.21241,41.89827],[15.21292,41.91401],[15.22706,41.9188]]]},"properties":{"nome":"Chieuti","prov":"FG","prov_nome":"Foggia","istat":"071021"}},{"type":"Feature","geometry":{"type":"Polygon","coordinates":[[[15.36224,41.19097],[15.36601,41.19346],[15.37915,41.194],[15.40027,41.18893],[15.41685,41.18642],[15.44319,41.18984],[15.45231,41.18714],[15.47574,41.19361],[15.46602,41.20321],[15.46973,41.2102],[15.48077,41.20721],[15.48285,41.21128],[15.47962,41.22261],[15.47796,41.24815],[15.49227,41.25957],[15.49231,41.26203],[15.48602,41.26821],[15.47753,41.26761],[15.45218,41.27064],[15.44644,41.27908],[15.43704,41.2742],[15.42564,41.26396],[15.39964,41.25041],[15.39326,41.24506],[15.37359,41.23552],[15.35637,41.21578],[15.35668,41.20796],[15.35274,41.20252],[15.35443,41.19663],[15.36224,41.19097]]]},"properties":{"nome":"Deliceto","prov":"FG","prov_nome":"Foggia","istat":"071022"}},{"type":"Feature","geometry":{"type":"Polygon","coordinates":[[[15.15074,41.36222],[15.15474,41.34591],[15.16016,41.33539],[15.13525,41.33163],[15.13752,41.31546],[15.13056,41.31719],[15.12677,41.30295],[15.13634,41.29799],[15.1403,41.29113],[15.13773,41.28638],[15.1502,41.28274],[15.201,41.28627],[15.21146,41.28802],[15.19614,41.29588],[15.18086,41.30187],[15.17298,41.31094],[15.17405,41.32927],[15.16707,41.34529],[15.16133,41.36606],[15.15074,41.36222]]]},"properties":{"nome":"Faeto","prov":"FG","prov_nome":"Foggia","istat":"071023"}},{"type":"Feature","geometry":{"type":"Polygon","coordinates":[[[15.56679,41.33859],[15.5997,41.34027],[15.61492,41.3363],[15.62134,41.34078],[15.64425,41.34997],[15.65877,41.34914],[15.66559,41.35782],[15.6783,41.36373],[15.67962,41.37082],[15.69283,41.37179],[15.72706,41.37943],[15.73259,41.37925],[15.74098,41.3735],[15.74781,41.3765],[15.74402,41.38272],[15.7489,41.38909],[15.73131,41.40026],[15.72159,41.40268],[15.71198,41.39895],[15.7086,41.40647],[15.72446,41.40977],[15.69962,41.41845],[15.71041,41.42277],[15.71333,41.41736],[15.72075,41.41556],[15.7411,41.425],[15.75698,41.42085],[15.76463,41.4142],[15.764,41.40571],[15.77361,41.40013],[15.76264,41.39543],[15.7797,41.38087],[15.78803,41.38851],[15.78351,41.3974],[15.77874,41.41509],[15.77449,41.41891],[15.75978,41.42581],[15.7651,41.43424],[15.75985,41.43648],[15.7364,41.42484],[15.72796,41.42994],[15.71429,41.44611],[15.71788,41.45107],[15.70444,41.46684],[15.69755,41.47747],[15.70472,41.48702],[15.68885,41.48561],[15.69739,41.49782],[15.68492,41.49472],[15.67514,41.52202],[15.65022,41.5221],[15.63732,41.52775],[15.63637,41.52828],[15.62748,41.53141],[15.63055,41.53569],[15.64672,41.53334],[15.65024,41.54075],[15.64077,41.54637],[15.63612,41.55424],[15.65214,41.56678],[15.64539,41.57325],[15.64002,41.58506],[15.62112,41.58137],[15.60116,41.58069],[15.59472,41.58657],[15.58647,41.58741],[15.58284,41.59789],[15.58386,41.60342],[15.58553,41.60992],[15.56745,41.61206],[15.55856,41.59918],[15.55825,41.59528],[15.57153,41.58906],[15.56053,41.57958],[15.55085,41.57735],[15.53296,41.59264],[15.50527,41.5945],[15.48995,41.58403],[15.4801,41.58353],[15.49343,41.57065],[15.48425,41.57025],[15.47635,41.56304],[15.45626,41.56206],[15.4504,41.55942],[15.47219,41.53695],[15.46365,41.53209],[15.46208,41.52648],[15.47753,41.50989],[15.47145,41.47422],[15.46389,41.4431],[15.45541,41.41634],[15.45251,41.41152],[15.47895,41.40073],[15.4981,41.40607],[15.49903,41.40041],[15.49339,41.39276],[15.48433,41.37574],[15.47704,41.37012],[15.47749,41.35913],[15.46078,41.35053],[15.45646,41.35601],[15.44487,41.34953],[15.43328,41.3388],[15.43605,41.33402],[15.45584,41.3348],[15.46162,41.34278],[15.46882,41.34671],[15.47624,41.34033],[15.48801,41.34233],[15.48164,41.33169],[15.51285,41.34018],[15.51751,41.33846],[15.53914,41.34303],[15.5514,41.33604],[15.5589,41.33878],[15.5646,41.33829],[15.56679,41.33859]],[[15.49919,41.581],[15.50462,41.57484],[15.494,41.57276],[15.48902,41.57821],[15.49919,41.581]],[[15.49641,41.56038],[15.49784,41.55907],[15.49182,41.54231],[15.48262,41.55345],[15.49641,41.56038]]]},"properties":{"nome":"Foggia","prov":"FG","prov_nome":"Foggia","istat":"071024"}},{"type":"Feature","geometry":{"type":"Polygon","coordinates":[[[15.78193,41.86656],[15.80845,41.86656],[15.81683,41.86355],[15.84101,41.86445],[15.85528,41.87483],[15.86192,41.87613],[15.87973,41.86318],[15.8919,41.85014],[15.90858,41.84329],[15.91558,41.83773],[15.92262,41.85117],[15.93114,41.85579],[15.93169,41.86109],[15.92596,41.87892],[15.92845,41.8931],[15.92717,41.89981],[15.91861,41.90678],[15.91805,41.91353],[15.90584,41.91464],[15.89097,41.91358],[15.86822,41.90877],[15.84998,41.915],[15.82296,41.91768],[15.8193,41.92245],[15.77937,41.91874],[15.7377,41.91577],[15.74057,41.9077],[15.74724,41.90035],[15.78193,41.86656]]]},"properties":{"nome":"Ischitella","prov":"FG","prov_nome":"Foggia","istat":"071025"}},{"type":"Feature","geometry":{"type":"Polygon","coordinates":[[[15.49312,42.12302],[15.48554,42.11956],[15.47627,42.11162],[15.48312,42.10419],[15.49187,42.11011],[15.49685,42.11978],[15.49312,42.12302]]]},"properties":{"nome":"Isole Tremiti","prov":"FG","prov_nome":"Foggia","istat":"071026"}},{"type":"Feature","geometry":{"type":"Polygon","coordinates":[[[15.39691,41.80378],[15.39062,41.81261],[15.39139,41.83342],[15.41034,41.85109],[15.42379,41.87113],[15.44466,41.869],[15.46543,41.87201],[15.47608,41.87171],[15.49502,41.87579],[15.51232,41.88294],[15.52044,41.88856],[15.54116,41.88159],[15.55094,41.88264],[15.56137,41.89392],[15.57604,41.89919],[15.5852,41.90506],[15.58922,41.91561],[15.61285,41.92552],[15.54859,41.91554],[15.50195,41.9087],[15.46432,41.90433],[15.41631,41.90087],[15.39172,41.90062],[15.37356,41.90174],[15.35589,41.90537],[15.34071,41.91717],[15.32342,41.91759],[15.31747,41.91269],[15.29462,41.91282],[15.28515,41.90102],[15.27691,41.90274],[15.2721,41.90733],[15.26567,41.90178],[15.25658,41.87995],[15.25668,41.87641],[15.24467,41.85747],[15.23252,41.84334],[15.2322,41.83853],[15.24485,41.83459],[15.25392,41.83167],[15.26416,41.81882],[15.2817,41.80702],[15.29355,41.80492],[15.31821,41.82263],[15.30849,41.83792],[15.30822,41.85039],[15.31378,41.85881],[15.32759,41.87009],[15.33675,41.86683],[15.33449,41.84588],[15.35525,41.84241],[15.3677,41.84447],[15.37554,41.84814],[15.38095,41.83981],[15.37785,41.83144],[15.37932,41.81681],[15.38311,41.8144],[15.38086,41.80414],[15.39691,41.80378]]]},"properties":{"nome":"Lesina","prov":"FG","prov_nome":"Foggia","istat":"071027"}},{"type":"Feature","geometry":{"type":"Polygon","coordinates":[[[15.2429,41.47278],[15.25628,41.47435],[15.27109,41.48163],[15.28282,41.46661],[15.28711,41.4537],[15.29934,41.44967],[15.29223,41.43117],[15.28421,41.41796],[15.27745,41.41191],[15.26232,41.39411],[15.27065,41.39539],[15.28399,41.40311],[15.3062,41.40184],[15.31902,41.40554],[15.34057,41.40378],[15.36458,41.41166],[15.38124,41.40692],[15.38976,41.40645],[15.40969,41.39223],[15.42541,41.39821],[15.45251,41.41152],[15.45541,41.41634],[15.46389,41.4431],[15.47145,41.47422],[15.47753,41.50989],[15.46208,41.52648],[15.46365,41.53209],[15.47219,41.53695],[15.4504,41.55942],[15.44352,41.55686],[15.43117,41.55683],[15.41004,41.55238],[15.39659,41.55632],[15.38858,41.56522],[15.37515,41.57676],[15.34992,41.58306],[15.32522,41.58994],[15.30788,41.59138],[15.28623,41.58453],[15.2848,41.59332],[15.25236,41.59603],[15.24991,41.59404],[15.27436,41.57095],[15.25868,41.56856],[15.24856,41.57514],[15.21894,41.58539],[15.22758,41.59427],[15.22494,41.60033],[15.21152,41.59971],[15.21501,41.59161],[15.20533,41.58829],[15.2013,41.57715],[15.19588,41.57506],[15.2064,41.56496],[15.20467,41.55529],[15.20026,41.54675],[15.20132,41.53386],[15.20992,41.53107],[15.2221,41.54658],[15.22076,41.55101],[15.23789,41.54846],[15.25481,41.54093],[15.2595,41.53695],[15.25396,41.52822],[15.24769,41.51019],[15.24381,41.50835],[15.23771,41.49217],[15.23265,41.49033],[15.2429,41.47278]],[[15.21716,41.55185],[15.21716,41.54316],[15.20665,41.54103],[15.2102,41.55104],[15.21716,41.55185]]]},"properties":{"nome":"Lucera","prov":"FG","prov_nome":"Foggia","istat":"071028"}},{"type":"Feature","geometry":{"type":"MultiPolygon","coordinates":[[[[15.76264,41.39543],[15.77361,41.40013],[15.764,41.40571],[15.76463,41.4142],[15.75698,41.42085],[15.7411,41.425],[15.72075,41.41556],[15.71333,41.41736],[15.71041,41.42277],[15.69962,41.41845],[15.72446,41.40977],[15.7086,41.40647],[15.71198,41.39895],[15.72159,41.40268],[15.73131,41.40026],[15.7489,41.38909],[15.76264,41.39543]]],[[[15.84816,41.43212],[15.84897,41.43674],[15.84114,41.44564],[15.82506,41.4429],[15.82052,41.44761],[15.8366,41.44958],[15.83521,41.46163],[15.83921,41.46212],[15.86365,41.47722],[15.87142,41.47072],[15.89483,41.47715],[15.91545,41.48743],[15.91716,41.4929],[15.92396,41.49638],[15.91887,41.50433],[15.90368,41.53459],[15.89842,41.55169],[15.89423,41.57555],[15.89747,41.60431],[15.90138,41.61483],[15.91398,41.62533],[15.93804,41.63788],[15.92213,41.6544],[15.91265,41.66113],[15.9021,41.67882],[15.90013,41.68934],[15.86996,41.6961],[15.87453,41.69074],[15.86603,41.68461],[15.85269,41.68461],[15.85558,41.67454],[15.83244,41.67249],[15.82999,41.6664],[15.83345,41.65938],[15.82914,41.65169],[15.8318,41.63521],[15.83096,41.63011],[15.80965,41.62459],[15.79849,41.61323],[15.78521,41.613],[15.77833,41.60367],[15.78039,41.59275],[15.77819,41.58586],[15.76637,41.57615],[15.7498,41.56886],[15.7524,41.56101],[15.73233,41.54333],[15.72526,41.53103],[15.72051,41.51433],[15.70926,41.51628],[15.70322,41.50695],[15.70444,41.50259],[15.69739,41.49782],[15.68885,41.48561],[15.70472,41.48702],[15.69755,41.47747],[15.70444,41.46684],[15.71788,41.45107],[15.71429,41.44611],[15.72796,41.42994],[15.7364,41.42484],[15.75985,41.43648],[15.7651,41.43424],[15.75978,41.42581],[15.77449,41.41891],[15.77874,41.41509],[15.78351,41.3974],[15.78803,41.38851],[15.80625,41.39347],[15.81403,41.39888],[15.80964,41.40307],[15.81461,41.41622],[15.82157,41.42275],[15.84816,41.43212]]]]},"properties":{"nome":"Manfredonia","prov":"FG","prov_nome":"Foggia","istat":"071029"}},{"type":"Feature","geometry":{"type":"Polygon","coordinates":[[[16.16489,41.76094],[16.15108,41.76262],[16.14191,41.76575],[16.13188,41.77331],[16.12402,41.77595],[16.09701,41.78049],[16.07705,41.77981],[16.07194,41.76448],[16.05198,41.76974],[16.04918,41.76199],[16.03558,41.75873],[16.02348,41.75968],[16.02073,41.74616],[16.0035,41.74025],[16.00158,41.73574],[16.01655,41.72817],[16.00862,41.72633],[16.00547,41.72053],[16.01801,41.69893],[16.02961,41.69138],[16.0394,41.68129],[16.06538,41.69571],[16.07337,41.71057],[16.08775,41.71437],[16.10473,41.7296],[16.11787,41.73357],[16.12142,41.73893],[16.12834,41.73842],[16.14377,41.74308],[16.15006,41.75041],[16.16217,41.75428],[16.16489,41.76094]]]},"properties":{"nome":"Mattinata","prov":"FG","prov_nome":"Foggia","istat":"071031"}},{"type":"Feature","geometry":{"type":"Polygon","coordinates":[[[15.28292,41.16874],[15.26946,41.17947],[15.26242,41.19763],[15.25105,41.1952],[15.22354,41.18194],[15.21043,41.16445],[15.20848,41.1557],[15.21079,41.14867],[15.22297,41.14224],[15.23574,41.14014],[15.25262,41.12284],[15.26378,41.11345],[15.26777,41.11392],[15.27903,41.12385],[15.27756,41.13643],[15.28022,41.14655],[15.2909,41.15781],[15.28292,41.16874]]]},"properties":{"nome":"Monteleone di Puglia","prov":"FG","prov_nome":"Foggia","istat":"071032"}},{"type":"Feature","geometry":{"type":"Polygon","coordinates":[[[15.80706,41.76816],[15.80172,41.76278],[15.81198,41.75735],[15.81983,41.74967],[15.81758,41.73909],[15.83256,41.72414],[15.836,41.71701],[15.83269,41.70843],[15.86115,41.70508],[15.86996,41.6961],[15.90013,41.68934],[15.9021,41.67882],[15.91265,41.66113],[15.92213,41.6544],[15.93804,41.63788],[15.94573,41.64316],[15.97804,41.65513],[15.98895,41.6613],[16.01426,41.66947],[16.0394,41.68129],[16.02961,41.69138],[16.01801,41.69893],[16.00547,41.72053],[16.00862,41.72633],[16.01655,41.72817],[16.00158,41.73574],[16.0035,41.74025],[16.02073,41.74616],[16.02348,41.75968],[16.03558,41.75873],[16.04918,41.76199],[16.05198,41.76974],[16.07194,41.76448],[16.07705,41.77981],[16.06919,41.78544],[16.03922,41.79831],[16.04118,41.80902],[16.0316,41.81285],[16.021,41.825],[16.01445,41.82977],[16.00374,41.83005],[15.99532,41.82733],[15.98967,41.82072],[15.95836,41.80813],[15.94334,41.79556],[15.90857,41.78672],[15.89017,41.78008],[15.86457,41.78698],[15.84074,41.78754],[15.8446,41.78206],[15.83887,41.77442],[15.82987,41.77585],[15.81251,41.77125],[15.80706,41.76816]]]},"properties":{"nome":"Monte Sant'Angelo","prov":"FG","prov_nome":"Foggia","istat":"071033"}},{"type":"Feature","geometry":{"type":"Polygon","coordinates":[[[15.06433,41.52581],[15.07419,41.5228],[15.08152,41.51548],[15.08409,41.48269],[15.09487,41.48495],[15.11173,41.49491],[15.14199,41.49459],[15.14481,41.51023],[15.13564,41.51607],[15.13121,41.52418],[15.12528,41.52595],[15.08488,41.52795],[15.07871,41.52903],[15.0652,41.52582],[15.06433,41.52581]]]},"properties":{"nome":"Motta Montecorvino","prov":"FG","prov_nome":"Foggia","istat":"071034"}},{"type":"Feature","geometry":{"type":"Polygon","coordinates":[[[15.4158,41.314],[15.42039,41.31813],[15.41732,41.32261],[15.40852,41.32389],[15.40056,41.3323],[15.39253,41.33361],[15.37256,41.33036],[15.36429,41.32677],[15.33317,41.32506],[15.30244,41.33198],[15.25965,41.32336],[15.24015,41.3229],[15.23557,41.30766],[15.22205,41.30613],[15.20094,41.30571],[15.21568,41.2979],[15.21146,41.28802],[15.201,41.28627],[15.1984,41.28186],[15.20398,41.27744],[15.21628,41.27524],[15.22044,41.26519],[15.22845,41.26644],[15.23642,41.27239],[15.25367,41.26831],[15.264,41.25746],[15.27406,41.25049],[15.27984,41.24079],[15.28964,41.24077],[15.29605,41.25872],[15.30891,41.25471],[15.32562,41.25896],[15.34242,41.26685],[15.33101,41.27836],[15.32695,41.29905],[15.32784,41.30707],[15.34636,41.31241],[15.35783,41.31736],[15.36911,41.31784],[15.40051,41.31179],[15.40466,41.31006],[15.4158,41.314]]]},"properties":{"nome":"Orsara di Puglia","prov":"FG","prov_nome":"Foggia","istat":"071035"}},{"type":"Feature","geometry":{"type":"Polygon","coordinates":[[[15.65646,41.26106],[15.66707,41.27216],[15.67137,41.28745],[15.68016,41.28668],[15.68441,41.28069],[15.69213,41.27758],[15.70392,41.27716],[15.71262,41.28459],[15.70722,41.29042],[15.73162,41.2952],[15.73472,41.30871],[15.74212,41.30851],[15.74446,41.31841],[15.75185,41.3171],[15.75922,41.3251],[15.76339,41.32379],[15.75793,41.3102],[15.7661,41.31359],[15.77524,41.32359],[15.77867,41.32294],[15.80053,41.31085],[15.82922,41.34433],[15.82721,41.34721],[15.80029,41.37196],[15.78656,41.37793],[15.75527,41.36828],[15.73688,41.36991],[15.71464,41.35707],[15.70781,41.36077],[15.69494,41.34614],[15.68734,41.34135],[15.67114,41.34862],[15.65923,41.33965],[15.65594,41.3331],[15.66492,41.32213],[15.67534,41.31543],[15.67461,41.30985],[15.65368,41.30508],[15.63949,41.29392],[15.63093,41.27868],[15.61814,41.2655],[15.60419,41.26315],[15.60364,41.25987],[15.63187,41.24805],[15.6442,41.2465],[15.65646,41.26106]]]},"properties":{"nome":"Orta Nova","prov":"FG","prov_nome":"Foggia","istat":"071036"}},{"type":"Feature","geometry":{"type":"Polygon","coordinates":[[[15.32617,41.214],[15.31978,41.21927],[15.30419,41.23896],[15.29572,41.24234],[15.28964,41.24077],[15.27984,41.24079],[15.24618,41.23611],[15.24502,41.22707],[15.24921,41.21759],[15.26134,41.20259],[15.26242,41.19763],[15.26946,41.17947],[15.28292,41.16874],[15.29497,41.18239],[15.30333,41.18967],[15.30688,41.19784],[15.32328,41.20684],[15.32617,41.214]]]},"properties":{"nome":"Panni","prov":"FG","prov_nome":"Foggia","istat":"071037"}},{"type":"Feature","geometry":{"type":"Polygon","coordinates":[[[16.09371,41.93283],[16.08959,41.93867],[16.05934,41.94769],[16.04036,41.94591],[16.024,41.94594],[16.0096,41.94989],[16.00621,41.94633],[15.9896,41.94578],[15.99392,41.94186],[15.99479,41.92039],[15.99716,41.90488],[16.00353,41.89932],[16.00276,41.88627],[15.99853,41.87591],[15.99707,41.86383],[16.00483,41.85928],[16.03247,41.86837],[16.04992,41.87847],[16.05439,41.87943],[16.04817,41.88675],[16.04539,41.89687],[16.04947,41.9013],[16.06026,41.90517],[16.06256,41.91274],[16.07323,41.92165],[16.08665,41.92567],[16.09371,41.93283]]]},"properties":{"nome":"Peschici","prov":"FG","prov_nome":"Foggia","istat":"071038"}},{"type":"Feature","geometry":{"type":"MultiPolygon","coordinates":[[[[15.21716,41.55185],[15.2102,41.55104],[15.20665,41.54103],[15.21716,41.54316],[15.21716,41.55185]]],[[[15.06393,41.5802],[15.06722,41.55998],[15.06367,41.54015],[15.0652,41.52582],[15.07871,41.52903],[15.08488,41.52795],[15.12528,41.52595],[15.13121,41.52418],[15.13717,41.52875],[15.13705,41.53539],[15.14565,41.54248],[15.16645,41.53442],[15.17652,41.5283],[15.20395,41.5146],[15.22733,41.50925],[15.24381,41.50835],[15.24769,41.51019],[15.25396,41.52822],[15.2595,41.53695],[15.25481,41.54093],[15.23789,41.54846],[15.22076,41.55101],[15.2221,41.54658],[15.20992,41.53107],[15.20132,41.53386],[15.20026,41.54675],[15.20467,41.55529],[15.2064,41.56496],[15.19588,41.57506],[15.2013,41.57715],[15.20533,41.58829],[15.19986,41.59234],[15.18782,41.58486],[15.18124,41.57517],[15.16215,41.56908],[15.1516,41.55999],[15.1289,41.56322],[15.11727,41.5578],[15.11175,41.5578],[15.09827,41.57185],[15.09389,41.58019],[15.08812,41.58455],[15.07912,41.58542],[15.07257,41.58116],[15.06393,41.5802]]]]},"properties":{"nome":"Pietramontecorvino","prov":"FG","prov_nome":"Foggia","istat":"071039"}},{"type":"Feature","geometry":{"type":"MultiPolygon","coordinates":[[[[15.38086,41.80414],[15.38311,41.8144],[15.37932,41.81681],[15.37785,41.83144],[15.38095,41.83981],[15.37554,41.84814],[15.3677,41.84447],[15.35525,41.84241],[15.33449,41.84588],[15.33675,41.86683],[15.32759,41.87009],[15.31378,41.85881],[15.30822,41.85039],[15.30849,41.83792],[15.31821,41.82263],[15.29355,41.80492],[15.30645,41.80316],[15.31692,41.80103],[15.33269,41.8047],[15.34408,41.79981],[15.34849,41.81148],[15.36204,41.81143],[15.38086,41.80414]]],[[[15.45511,41.85085],[15.4552,41.85596],[15.46146,41.86111],[15.46543,41.87201],[15.44466,41.869],[15.42379,41.87113],[15.41034,41.85109],[15.39139,41.83342],[15.39062,41.81261],[15.39691,41.80378],[15.41237,41.81571],[15.42928,41.82665],[15.43904,41.83087],[15.44536,41.84137],[15.45511,41.85085]]]]},"properties":{"nome":"Poggio Imperiale","prov":"FG","prov_nome":"Foggia","istat":"071040"}},{"type":"Feature","geometry":{"type":"Polygon","coordinates":[[[15.51893,41.69636],[15.51354,41.68769],[15.52772,41.67565],[15.51524,41.67244],[15.53146,41.65686],[15.54057,41.64577],[15.53528,41.6322],[15.54628,41.62118],[15.55506,41.62357],[15.56978,41.61632],[15.56745,41.61206],[15.58553,41.60992],[15.60544,41.60262],[15.60973,41.6009],[15.62293,41.60775],[15.63193,41.62731],[15.61478,41.63727],[15.61998,41.64106],[15.63648,41.64382],[15.64135,41.65604],[15.63488,41.66126],[15.63686,41.67333],[15.62574,41.68823],[15.60473,41.70327],[15.591,41.7088],[15.58015,41.7185],[15.56851,41.71929],[15.55198,41.71217],[15.5461,41.71192],[15.55128,41.70465],[15.52892,41.7015],[15.51893,41.69636]]]},"properties":{"nome":"Rignano Garganico","prov":"FG","prov_nome":"Foggia","istat":"071041"}},{"type":"Feature","geometry":{"type":"Polygon","coordinates":[[[15.47771,41.15105],[15.4713,41.14637],[15.45174,41.14415],[15.42674,41.13048],[15.39638,41.10682],[15.40079,41.10604],[15.41238,41.09662],[15.42619,41.0951],[15.4461,41.07801],[15.4622,41.07609],[15.47786,41.07861],[15.48957,41.07003],[15.52747,41.05882],[15.54287,41.05586],[15.54227,41.06708],[15.54986,41.07458],[15.55891,41.08739],[15.57434,41.09408],[15.55694,41.11116],[15.5454,41.10491],[15.53568,41.10332],[15.51772,41.10393],[15.50463,41.1081],[15.49489,41.12046],[15.48684,41.1357],[15.49043,41.14503],[15.47771,41.15105]]]},"properties":{"nome":"Rocchetta Sant'Antonio","prov":"FG","prov_nome":"Foggia","istat":"071042"}},{"type":"Feature","geometry":{"type":"Polygon","coordinates":[[[15.91805,41.91353],[15.91694,41.91777],[15.93028,41.92898],[15.93322,41.93442],[15.89836,41.92999],[15.88808,41.93082],[15.86182,41.92669],[15.8193,41.92245],[15.82296,41.91768],[15.84998,41.915],[15.86822,41.90877],[15.89097,41.91358],[15.90584,41.91464],[15.91805,41.91353]]]},"properties":{"nome":"Rodi Garganico","prov":"FG","prov_nome":"Foggia","istat":"071043"}},{"type":"Feature","geometry":{"type":"Polygon","coordinates":[[[15.09831,41.39057],[15.07995,41.38811],[15.06776,41.37621],[15.05847,41.37213],[15.07219,41.33246],[15.09993,41.3277],[15.11317,41.31935],[15.13056,41.31719],[15.13752,41.31546],[15.13525,41.33163],[15.16016,41.33539],[15.15474,41.34591],[15.15074,41.36222],[15.1458,41.38007],[15.14062,41.39085],[15.14112,41.40029],[15.13525,41.39512],[15.12459,41.39096],[15.10468,41.38852],[15.09831,41.39057]]]},"properties":{"nome":"Roseto Valfortore","prov":"FG","prov_nome":"Foggia","istat":"071044"}},{"type":"Feature","geometry":{"type":"Polygon","coordinates":[[[15.63612,41.55424],[15.64471,41.55256],[15.64077,41.54637],[15.65024,41.54075],[15.64672,41.53334],[15.63637,41.52828],[15.63732,41.52775],[15.65389,41.53441],[15.65659,41.53017],[15.67514,41.52202],[15.6848,41.52175],[15.70926,41.51628],[15.72051,41.51433],[15.72526,41.53103],[15.73233,41.54333],[15.7524,41.56101],[15.7498,41.56886],[15.76637,41.57615],[15.77819,41.58586],[15.78039,41.59275],[15.77833,41.60367],[15.78521,41.613],[15.79849,41.61323],[15.80965,41.62459],[15.83096,41.63011],[15.8318,41.63521],[15.82914,41.65169],[15.83345,41.65938],[15.82999,41.6664],[15.83244,41.67249],[15.85558,41.67454],[15.85269,41.68461],[15.86603,41.68461],[15.87453,41.69074],[15.86996,41.6961],[15.86115,41.70508],[15.83269,41.70843],[15.836,41.71701],[15.83256,41.72414],[15.81758,41.73909],[15.81983,41.74967],[15.81198,41.75735],[15.80172,41.76278],[15.76984,41.76418],[15.75984,41.76196],[15.73115,41.75094],[15.70224,41.73857],[15.67961,41.73103],[15.68351,41.7148],[15.67337,41.71029],[15.67879,41.69209],[15.68456,41.66736],[15.68728,41.65089],[15.68359,41.64325],[15.70758,41.64373],[15.70291,41.62673],[15.69074,41.62304],[15.67354,41.62909],[15.66226,41.62837],[15.67297,41.61162],[15.68527,41.60662],[15.70841,41.60378],[15.7077,41.60066],[15.71733,41.5887],[15.71185,41.58178],[15.70404,41.56683],[15.68907,41.56768],[15.67535,41.5639],[15.66921,41.56785],[15.65214,41.56678],[15.63612,41.55424]],[[15.67606,41.55367],[15.68511,41.56053],[15.69855,41.55115],[15.68042,41.54503],[15.67606,41.55367]]]},"properties":{"nome":"San Giovanni Rotondo","prov":"FG","prov_nome":"Foggia","istat":"071046"}},{"type":"Feature","geometry":{"type":"MultiPolygon","coordinates":[[[[15.69739,41.49782],[15.70444,41.50259],[15.70322,41.50695],[15.70926,41.51628],[15.6848,41.52175],[15.67514,41.52202],[15.68492,41.49472],[15.69739,41.49782]]],[[[15.67514,41.52202],[15.65659,41.53017],[15.65389,41.53441],[15.63732,41.52775],[15.65022,41.5221],[15.67514,41.52202]]],[[[15.63637,41.52828],[15.64672,41.53334],[15.63055,41.53569],[15.62748,41.53141],[15.63637,41.52828]]],[[[15.64077,41.54637],[15.64471,41.55256],[15.63612,41.55424],[15.64077,41.54637]]],[[[15.67606,41.55367],[15.68042,41.54503],[15.69855,41.55115],[15.68511,41.56053],[15.67606,41.55367]]],[[[15.5461,41.71192],[15.55198,41.71217],[15.56851,41.71929],[15.58015,41.7185],[15.591,41.7088],[15.60473,41.70327],[15.62574,41.68823],[15.63686,41.67333],[15.63488,41.66126],[15.64135,41.65604],[15.63648,41.64382],[15.61998,41.64106],[15.61478,41.63727],[15.63193,41.62731],[15.62293,41.60775],[15.60973,41.6009],[15.60544,41.60262],[15.59792,41.59759],[15.58386,41.60342],[15.58284,41.59789],[15.58647,41.58741],[15.59472,41.58657],[15.60116,41.58069],[15.62112,41.58137],[15.64002,41.58506],[15.64539,41.57325],[15.65214,41.56678],[15.66921,41.56785],[15.67535,41.5639],[15.68907,41.56768],[15.70404,41.56683],[15.71185,41.58178],[15.71733,41.5887],[15.7077,41.60066],[15.70841,41.60378],[15.68527,41.60662],[15.67297,41.61162],[15.66226,41.62837],[15.67354,41.62909],[15.69074,41.62304],[15.70291,41.62673],[15.70758,41.64373],[15.68359,41.64325],[15.68728,41.65089],[15.68456,41.66736],[15.67879,41.69209],[15.67337,41.71029],[15.68351,41.7148],[15.67961,41.73103],[15.70224,41.73857],[15.73115,41.75094],[15.75984,41.76196],[15.76984,41.76418],[15.80172,41.76278],[15.80706,41.76816],[15.79843,41.76581],[15.7847,41.76941],[15.76436,41.77869],[15.71903,41.79389],[15.69772,41.8001],[15.68142,41.8112],[15.66855,41.82951],[15.66275,41.83315],[15.63284,41.81428],[15.62086,41.79606],[15.60577,41.7862],[15.59561,41.77665],[15.5923,41.76543],[15.58397,41.7571],[15.58049,41.74235],[15.58602,41.73544],[15.55866,41.74772],[15.53918,41.72629],[15.54778,41.72131],[15.5461,41.71192]]]]},"properties":{"nome":"San Marco in Lamis","prov":"FG","prov_nome":"Foggia","istat":"071047"}},{"type":"Feature","geometry":{"type":"Polygon","coordinates":[[[14.96639,41.51901],[14.97928,41.50569],[14.9955,41.49662],[15.0168,41.48064],[15.01883,41.48821],[15.02613,41.49997],[15.03359,41.50767],[15.03985,41.52377],[15.04786,41.52765],[15.05913,41.52868],[15.05111,41.539],[15.03169,41.54157],[15.02732,41.54555],[15.01613,41.54299],[14.99125,41.54114],[14.97508,41.52954],[14.96639,41.51901]]]},"properties":{"nome":"San Marco la Catola","prov":"FG","prov_nome":"Foggia","istat":"071048"}},{"type":"Feature","geometry":{"type":"Polygon","coordinates":[[[15.55866,41.74772],[15.58602,41.73544],[15.58049,41.74235],[15.58397,41.7571],[15.5923,41.76543],[15.59561,41.77665],[15.60577,41.7862],[15.62086,41.79606],[15.63284,41.81428],[15.66275,41.83315],[15.66855,41.82951],[15.67632,41.83439],[15.67469,41.8489],[15.65695,41.85776],[15.64616,41.8578],[15.63545,41.86581],[15.63254,41.88994],[15.64701,41.90948],[15.65986,41.92159],[15.65506,41.9215],[15.63395,41.92711],[15.61983,41.92872],[15.61285,41.92552],[15.58922,41.91561],[15.5852,41.90506],[15.57604,41.89919],[15.56137,41.89392],[15.55094,41.88264],[15.54116,41.88159],[15.52044,41.88856],[15.51232,41.88294],[15.49502,41.87579],[15.47608,41.87171],[15.46543,41.87201],[15.46146,41.86111],[15.4552,41.85596],[15.45511,41.85085],[15.45528,41.83779],[15.46602,41.83252],[15.47276,41.8321],[15.47237,41.84166],[15.48491,41.84595],[15.49552,41.84692],[15.50654,41.84298],[15.5088,41.83658],[15.50587,41.82237],[15.51181,41.81396],[15.52813,41.7991],[15.56344,41.78198],[15.54145,41.75323],[15.54704,41.74799],[15.55866,41.74772]]]},"properties":{"nome":"San Nicandro Garganico","prov":"FG","prov_nome":"Foggia","istat":"071049"}},{"type":"Feature","geometry":{"type":"Polygon","coordinates":[[[15.30645,41.80316],[15.29355,41.80492],[15.2817,41.80702],[15.26416,41.81882],[15.25392,41.83167],[15.24485,41.83459],[15.24617,41.8259],[15.23958,41.81311],[15.22898,41.79973],[15.22438,41.78466],[15.20817,41.77245],[15.19746,41.75372],[15.19036,41.74817],[15.18901,41.73538],[15.20386,41.73277],[15.21888,41.71768],[15.23639,41.71232],[15.24458,41.71348],[15.27173,41.72183],[15.29638,41.7177],[15.31668,41.72235],[15.32472,41.72018],[15.31907,41.72902],[15.30689,41.7403],[15.29638,41.74424],[15.298,41.75032],[15.30906,41.76189],[15.31869,41.7602],[15.33388,41.76639],[15.32625,41.76965],[15.32019,41.77606],[15.30645,41.80316]]]},"properties":{"nome":"San Paolo di Civitate","prov":"FG","prov_nome":"Foggia","istat":"071050"}},{"type":"Feature","geometry":{"type":"MultiPolygon","coordinates":[[[[15.49641,41.56038],[15.48262,41.55345],[15.49182,41.54231],[15.49784,41.55907],[15.49641,41.56038]]],[[[15.49919,41.581],[15.48902,41.57821],[15.494,41.57276],[15.50462,41.57484],[15.49919,41.581]]],[[[15.58386,41.60342],[15.59792,41.59759],[15.60544,41.60262],[15.58553,41.60992],[15.58386,41.60342]]],[[[15.33388,41.76639],[15.31869,41.7602],[15.30906,41.76189],[15.298,41.75032],[15.29638,41.74424],[15.30689,41.7403],[15.31907,41.72902],[15.32472,41.72018],[15.33283,41.71059],[15.327,41.68448],[15.32789,41.67823],[15.31467,41.65259],[15.31355,41.63898],[15.32541,41.64046],[15.333,41.63276],[15.33996,41.6314],[15.34873,41.6254],[15.35626,41.61461],[15.35173,41.60116],[15.33579,41.60582],[15.34126,41.61316],[15.33236,41.62166],[15.32,41.62468],[15.30265,41.61588],[15.30927,41.6081],[15.32165,41.60339],[15.35152,41.59936],[15.34992,41.58306],[15.37515,41.57676],[15.38858,41.56522],[15.39659,41.55632],[15.41004,41.55238],[15.43117,41.55683],[15.44352,41.55686],[15.4504,41.55942],[15.45626,41.56206],[15.47635,41.56304],[15.48425,41.57025],[15.49343,41.57065],[15.4801,41.58353],[15.48995,41.58403],[15.50527,41.5945],[15.53296,41.59264],[15.55085,41.57735],[15.56053,41.57958],[15.57153,41.58906],[15.55825,41.59528],[15.55856,41.59918],[15.56745,41.61206],[15.56978,41.61632],[15.55506,41.62357],[15.54628,41.62118],[15.53528,41.6322],[15.54057,41.64577],[15.53146,41.65686],[15.51524,41.67244],[15.52772,41.67565],[15.51354,41.68769],[15.51893,41.69636],[15.51475,41.70075],[15.51574,41.71273],[15.50311,41.71479],[15.49765,41.72079],[15.48156,41.72637],[15.45704,41.72419],[15.42552,41.73423],[15.413,41.74599],[15.39364,41.75334],[15.38299,41.76229],[15.36191,41.77442],[15.34188,41.77183],[15.33388,41.76639]]]]},"properties":{"nome":"San Severo","prov":"FG","prov_nome":"Foggia","istat":"071051"}},{"type":"Feature","geometry":{"type":"Polygon","coordinates":[[[15.2909,41.15781],[15.28022,41.14655],[15.27756,41.13643],[15.27903,41.12385],[15.29375,41.13002],[15.30485,41.12877],[15.30827,41.12559],[15.30738,41.11305],[15.31436,41.10389],[15.31976,41.1],[15.33747,41.09529],[15.34897,41.09513],[15.3664,41.08489],[15.39275,41.10076],[15.39638,41.10682],[15.42674,41.13048],[15.45174,41.14415],[15.4713,41.14637],[15.47771,41.15105],[15.47885,41.15947],[15.49572,41.16968],[15.47574,41.19361],[15.45231,41.18714],[15.44319,41.18984],[15.41685,41.18642],[15.40027,41.18893],[15.37915,41.194],[15.36601,41.19346],[15.36224,41.19097],[15.36343,41.18452],[15.36279,41.16521],[15.34212,41.15765],[15.33119,41.14936],[15.32569,41.15027],[15.31255,41.16123],[15.2909,41.15781]]]},"properties":{"nome":"Sant'Agata di Puglia","prov":"FG","prov_nome":"Foggia","istat":"071052"}},{"type":"Feature","geometry":{"type":"Polygon","coordinates":[[[15.10455,41.83114],[15.10806,41.82242],[15.11645,41.81454],[15.11382,41.80771],[15.11701,41.79918],[15.11468,41.78917],[15.10243,41.78241],[15.09861,41.76517],[15.11655,41.74897],[15.12091,41.75767],[15.14059,41.74314],[15.17922,41.72705],[15.18901,41.73538],[15.19036,41.74817],[15.19746,41.75372],[15.20817,41.77245],[15.22438,41.78466],[15.22898,41.79973],[15.23958,41.81311],[15.24617,41.8259],[15.24485,41.83459],[15.2322,41.83853],[15.23252,41.84334],[15.24467,41.85747],[15.25668,41.87641],[15.25658,41.87995],[15.26567,41.90178],[15.2721,41.90733],[15.27691,41.90274],[15.28515,41.90102],[15.29462,41.91282],[15.31747,41.91269],[15.32342,41.91759],[15.29328,41.92033],[15.22706,41.9188],[15.21292,41.91401],[15.21241,41.89827],[15.21005,41.88718],[15.20316,41.87064],[15.19846,41.86428],[15.19856,41.85749],[15.18499,41.84579],[15.17851,41.83547],[15.16756,41.825],[15.16442,41.83619],[15.14713,41.84255],[15.1367,41.84267],[15.12416,41.83457],[15.10455,41.83114]]]},"properties":{"nome":"Serracapriola","prov":"FG","prov_nome":"Foggia","istat":"071053"}},{"type":"Feature","geometry":{"type":"Polygon","coordinates":[[[15.80053,41.31085],[15.77867,41.32294],[15.77524,41.32359],[15.7661,41.31359],[15.75793,41.3102],[15.76339,41.32379],[15.75922,41.3251],[15.75185,41.3171],[15.74446,41.31841],[15.74212,41.30851],[15.73472,41.30871],[15.73162,41.2952],[15.7406,41.29364],[15.736,41.28229],[15.75226,41.2731],[15.77513,41.27486],[15.7801,41.27402],[15.78208,41.26451],[15.78684,41.26253],[15.81144,41.26716],[15.82017,41.27347],[15.82045,41.27896],[15.81265,41.28253],[15.82018,41.29889],[15.80053,41.31085]]]},"properties":{"nome":"Stornara","prov":"FG","prov_nome":"Foggia","istat":"071054"}},{"type":"Feature","geometry":{"type":"Polygon","coordinates":[[[15.70146,41.24803],[15.71961,41.25309],[15.72579,41.24537],[15.73609,41.23965],[15.75238,41.24555],[15.76887,41.2552],[15.78684,41.26253],[15.78208,41.26451],[15.7801,41.27402],[15.77513,41.27486],[15.75226,41.2731],[15.736,41.28229],[15.7406,41.29364],[15.73162,41.2952],[15.70722,41.29042],[15.71262,41.28459],[15.70392,41.27716],[15.69213,41.27758],[15.68441,41.28069],[15.68016,41.28668],[15.67137,41.28745],[15.66707,41.27216],[15.65646,41.26106],[15.66343,41.257],[15.67042,41.26254],[15.68084,41.25177],[15.68995,41.24857],[15.70146,41.24803]]]},"properties":{"nome":"Stornarella","prov":"FG","prov_nome":"Foggia","istat":"071055"}},{"type":"Feature","geometry":{"type":"Polygon","coordinates":[[[15.17162,41.63603],[15.18931,41.64744],[15.20382,41.64802],[15.20391,41.63905],[15.19678,41.63008],[15.19423,41.62293],[15.19573,41.61496],[15.20572,41.60866],[15.21152,41.59971],[15.22494,41.60033],[15.22758,41.59427],[15.21894,41.58539],[15.24856,41.57514],[15.25868,41.56856],[15.27436,41.57095],[15.24991,41.59404],[15.25236,41.59603],[15.2848,41.59332],[15.28623,41.58453],[15.30788,41.59138],[15.32522,41.58994],[15.34992,41.58306],[15.35152,41.59936],[15.32165,41.60339],[15.30927,41.6081],[15.30265,41.61588],[15.32,41.62468],[15.33236,41.62166],[15.34126,41.61316],[15.33579,41.60582],[15.35173,41.60116],[15.35626,41.61461],[15.34873,41.6254],[15.33996,41.6314],[15.333,41.63276],[15.32541,41.64046],[15.31355,41.63898],[15.31467,41.65259],[15.32789,41.67823],[15.327,41.68448],[15.33283,41.71059],[15.32472,41.72018],[15.31668,41.72235],[15.29638,41.7177],[15.27173,41.72183],[15.24458,41.71348],[15.23639,41.71232],[15.21888,41.71768],[15.20386,41.73277],[15.18901,41.73538],[15.17922,41.72705],[15.14059,41.74314],[15.12091,41.75767],[15.11655,41.74897],[15.10328,41.74904],[15.10284,41.74128],[15.11577,41.72901],[15.12092,41.72075],[15.14571,41.71154],[15.15756,41.71186],[15.15529,41.70674],[15.12423,41.69612],[15.1296,41.69024],[15.13919,41.68656],[15.14347,41.67608],[15.14586,41.66953],[15.15699,41.65746],[15.17049,41.65743],[15.16551,41.64787],[15.16227,41.64132],[15.17162,41.63603]],[[15.23349,41.6185],[15.23033,41.61399],[15.21451,41.60892],[15.20976,41.61879],[15.23349,41.6185]]]},"properties":{"nome":"Torremaggiore","prov":"FG","prov_nome":"Foggia","istat":"071056"}},{"type":"Feature","geometry":{"type":"Polygon","coordinates":[[[15.24936,41.38152],[15.24876,41.3781],[15.23279,41.3568],[15.22956,41.3497],[15.22989,41.33837],[15.23718,41.32591],[15.24015,41.3229],[15.25965,41.32336],[15.30244,41.33198],[15.33317,41.32506],[15.36429,41.32677],[15.37256,41.33036],[15.39253,41.33361],[15.40056,41.3323],[15.40852,41.32389],[15.41732,41.32261],[15.42039,41.31813],[15.43628,41.32183],[15.46704,41.32597],[15.48164,41.33169],[15.48801,41.34233],[15.47624,41.34033],[15.46882,41.34671],[15.46162,41.34278],[15.45584,41.3348],[15.43605,41.33402],[15.43328,41.3388],[15.44487,41.34953],[15.45646,41.35601],[15.46078,41.35053],[15.47749,41.35913],[15.47704,41.37012],[15.48433,41.37574],[15.49339,41.39276],[15.49903,41.40041],[15.4981,41.40607],[15.47895,41.40073],[15.45251,41.41152],[15.42541,41.39821],[15.40969,41.39223],[15.38976,41.40645],[15.38124,41.40692],[15.36458,41.41166],[15.34057,41.40378],[15.31902,41.40554],[15.3062,41.40184],[15.28399,41.40311],[15.27065,41.39539],[15.26232,41.39411],[15.24936,41.38152]]]},"properties":{"nome":"Troia","prov":"FG","prov_nome":"Foggia","istat":"071058"}},{"type":"Feature","geometry":{"type":"Polygon","coordinates":[[[15.95836,41.80813],[15.98967,41.82072],[15.99532,41.82733],[16.00374,41.83005],[16.01445,41.82977],[16.021,41.825],[16.0316,41.81285],[16.04118,41.80902],[16.056,41.81951],[16.06049,41.83743],[16.06141,41.86255],[16.05914,41.87902],[16.05439,41.87943],[16.04992,41.87847],[16.03247,41.86837],[16.00483,41.85928],[15.99707,41.86383],[15.99853,41.87591],[16.00276,41.88627],[16.00353,41.89932],[15.99716,41.90488],[15.99479,41.92039],[15.99392,41.94186],[15.9896,41.94578],[15.9804,41.94211],[15.93322,41.93442],[15.93028,41.92898],[15.91694,41.91777],[15.91805,41.91353],[15.91861,41.90678],[15.92717,41.89981],[15.92845,41.8931],[15.92596,41.87892],[15.93169,41.86109],[15.93114,41.85579],[15.92262,41.85117],[15.91558,41.83773],[15.91928,41.83188],[15.94082,41.81812],[15.94309,41.81268],[15.95836,41.80813]]]},"properties":{"nome":"Vico del Gargano","prov":"FG","prov_nome":"Foggia","istat":"071059"}},{"type":"Feature","geometry":{"type":"Polygon","coordinates":[[[16.16489,41.76094],[16.1676,41.76635],[16.17968,41.76816],[16.19,41.77739],[16.18941,41.78449],[16.19544,41.79613],[16.19667,41.82234],[16.17669,41.85511],[16.17569,41.86495],[16.17888,41.88722],[16.17308,41.88621],[16.16106,41.89193],[16.15168,41.90724],[16.14094,41.9144],[16.13354,41.91225],[16.11814,41.91657],[16.10615,41.92868],[16.09371,41.93283],[16.08665,41.92567],[16.07323,41.92165],[16.06256,41.91274],[16.06026,41.90517],[16.04947,41.9013],[16.04539,41.89687],[16.04817,41.88675],[16.05439,41.87943],[16.05914,41.87902],[16.06141,41.86255],[16.06049,41.83743],[16.056,41.81951],[16.04118,41.80902],[16.03922,41.79831],[16.06919,41.78544],[16.07705,41.77981],[16.09701,41.78049],[16.12402,41.77595],[16.13188,41.77331],[16.14191,41.76575],[16.15108,41.76262],[16.16489,41.76094]]]},"properties":{"nome":"Vieste","prov":"FG","prov_nome":"Foggia","istat":"071060"}},{"type":"Feature","geometry":{"type":"Polygon","coordinates":[[[15.1149,41.45696],[15.11482,41.46112],[15.10762,41.47163],[15.10076,41.47395],[15.08801,41.4737],[15.08409,41.48269],[15.08152,41.51548],[15.07419,41.5228],[15.06433,41.52581],[15.05913,41.52868],[15.04786,41.52765],[15.03985,41.52377],[15.03359,41.50767],[15.02613,41.49997],[15.01883,41.48821],[15.0168,41.48064],[15.02329,41.47733],[15.0287,41.46762],[15.0303,41.45539],[15.03776,41.45434],[15.05049,41.44336],[15.06268,41.44072],[15.07625,41.43278],[15.09834,41.43403],[15.10517,41.43581],[15.11042,41.44203],[15.1149,41.45696]]]},"properties":{"nome":"Volturara Appula","prov":"FG","prov_nome":"Foggia","istat":"071061"}},{"type":"Feature","geometry":{"type":"Polygon","coordinates":[[[15.23265,41.49033],[15.23771,41.49217],[15.24381,41.50835],[15.22733,41.50925],[15.20395,41.5146],[15.17652,41.5283],[15.16645,41.53442],[15.14565,41.54248],[15.13705,41.53539],[15.13717,41.52875],[15.13121,41.52418],[15.13564,41.51607],[15.14481,41.51023],[15.14199,41.49459],[15.11173,41.49491],[15.09487,41.48495],[15.08409,41.48269],[15.08801,41.4737],[15.10076,41.47395],[15.10762,41.47163],[15.11482,41.46112],[15.1149,41.45696],[15.12267,41.45542],[15.16892,41.45831],[15.1771,41.46421],[15.17209,41.47463],[15.17611,41.48133],[15.22421,41.48674],[15.23265,41.49033]]]},"properties":{"nome":"Volturino","prov":"FG","prov_nome":"Foggia","istat":"071062"}},{"type":"Feature","geometry":{"type":"Polygon","coordinates":[[[15.60419,41.26315],[15.61814,41.2655],[15.63093,41.27868],[15.63949,41.29392],[15.65368,41.30508],[15.67461,41.30985],[15.67534,41.31543],[15.66492,41.32213],[15.65594,41.3331],[15.65923,41.33965],[15.64401,41.33403],[15.62959,41.32671],[15.62134,41.34078],[15.61492,41.3363],[15.5997,41.34027],[15.56679,41.33859],[15.58279,41.32434],[15.59302,41.31869],[15.60177,41.30057],[15.59163,41.29241],[15.58288,41.27474],[15.60419,41.26315]]]},"properties":{"nome":"Ordona","prov":"FG","prov_nome":"Foggia","istat":"071063"}},{"type":"Feature","geometry":{"type":"Polygon","coordinates":[[[15.93695,41.42582],[15.95221,41.44121],[15.97919,41.43833],[15.99943,41.43021],[16.0248,41.42141],[16.02478,41.42576],[15.99642,41.4375],[15.98057,41.44574],[15.96224,41.45779],[15.9453,41.47132],[15.93336,41.48401],[15.92396,41.49638],[15.91716,41.4929],[15.91545,41.48743],[15.89483,41.47715],[15.87142,41.47072],[15.86365,41.47722],[15.83921,41.46212],[15.83521,41.46163],[15.8366,41.44958],[15.82052,41.44761],[15.82506,41.4429],[15.84114,41.44564],[15.84897,41.43674],[15.84816,41.43212],[15.86662,41.43213],[15.8838,41.44083],[15.89198,41.44325],[15.90078,41.45311],[15.90147,41.45724],[15.91354,41.4765],[15.92831,41.46604],[15.93134,41.42732],[15.93695,41.42582]]]},"properties":{"nome":"Zapponeta","prov":"FG","prov_nome":"Foggia","istat":"071064"}},{"type":"Feature","geometry":{"type":"MultiPolygon","coordinates":[[[[16.79749,40.75549],[16.8245,40.75352],[16.82893,40.75458],[16.82962,40.77782],[16.84223,40.79781],[16.83232,40.79738],[16.81102,40.79175],[16.80225,40.77242],[16.79749,40.75549]]],[[[16.77776,40.94296],[16.78531,40.95101],[16.78336,40.95618],[16.77101,40.95479],[16.77122,40.94619],[16.77776,40.94296]]],[[[16.77993,40.94179],[16.77965,40.9226],[16.78604,40.92924],[16.79557,40.92751],[16.80181,40.91954],[16.81167,40.91237],[16.80734,40.90537],[16.80758,40.89824],[16.81491,40.885],[16.81448,40.87118],[16.79868,40.8646],[16.79471,40.85985],[16.78742,40.84089],[16.80034,40.82892],[16.81418,40.82151],[16.83452,40.81989],[16.84657,40.8167],[16.84894,40.80784],[16.84567,40.8021],[16.85222,40.813],[16.86499,40.81559],[16.87281,40.82906],[16.8877,40.84646],[16.90954,40.85036],[16.9014,40.85716],[16.90056,40.86173],[16.89719,40.8732],[16.89438,40.8955],[16.9004,40.89733],[16.9026,40.90657],[16.89022,40.90415],[16.88089,40.94732],[16.88101,40.96181],[16.86495,40.95265],[16.85492,40.95263],[16.85504,40.96637],[16.84167,40.97342],[16.83704,40.96179],[16.83271,40.9593],[16.82012,40.96155],[16.81015,40.95964],[16.79683,40.95091],[16.78938,40.94918],[16.77993,40.94179]]]]},"properties":{"nome":"Acquaviva delle Fonti","prov":"BA","prov_nome":"Bari","istat":"072001"}},{"type":"Feature","geometry":{"type":"Polygon","coordinates":[[[16.88101,40.96181],[16.88833,40.97202],[16.88518,40.9826],[16.88818,40.98656],[16.90695,40.9866],[16.91118,40.99599],[16.90396,41.00741],[16.87552,41.01916],[16.86037,41.02813],[16.86042,41.02313],[16.84555,41.01453],[16.83975,41.0114],[16.83972,41.00417],[16.84517,40.98955],[16.84545,40.98303],[16.84167,40.97342],[16.85504,40.96637],[16.85492,40.95263],[16.86495,40.95265],[16.88101,40.96181]]]},"properties":{"nome":"Adelfia","prov":"BA","prov_nome":"Bari","istat":"072002"}},{"type":"Feature","geometry":{"type":"Polygon","coordinates":[[[17.29774,40.82012],[17.29201,40.82185],[17.27171,40.82241],[17.24357,40.8255],[17.24166,40.82575],[17.23853,40.82607],[17.2358,40.82625],[17.22146,40.82369],[17.20227,40.82097],[17.19861,40.80991],[17.19982,40.80613],[17.18456,40.79976],[17.20378,40.77432],[17.20308,40.76092],[17.2033,40.75997],[17.21775,40.76079],[17.23098,40.75806],[17.24611,40.76558],[17.25088,40.77059],[17.25059,40.77667],[17.24355,40.79887],[17.25081,40.80015],[17.28619,40.79764],[17.28727,40.8011],[17.30167,40.80208],[17.31016,40.81092],[17.29572,40.817],[17.29774,40.82012]],[[17.21197,40.81041],[17.21971,40.81241],[17.22384,40.80609],[17.2127,40.80013],[17.20456,40.8059],[17.21197,40.81041]]]},"properties":{"nome":"Alberobello","prov":"BA","prov_nome":"Bari","istat":"072003"}},{"type":"Feature","geometry":{"type":"Polygon","coordinates":[[[16.54046,40.94377],[16.53167,40.94722],[16.50514,40.96227],[16.47486,40.97546],[16.47188,40.97885],[16.44043,40.96077],[16.40623,40.95857],[16.40267,40.96158],[16.37583,40.96377],[16.36429,40.96259],[16.34574,40.95748],[16.34446,40.95181],[16.38207,40.93206],[16.40677,40.92171],[16.41213,40.91822],[16.43508,40.89572],[16.44549,40.87596],[16.44617,40.86618],[16.44326,40.85106],[16.45351,40.83938],[16.45646,40.82559],[16.46962,40.80676],[16.49568,40.78518],[16.5016,40.7773],[16.50566,40.76697],[16.50105,40.76229],[16.50844,40.75336],[16.52266,40.74605],[16.52036,40.74007],[16.52352,40.73543],[16.53838,40.72541],[16.54277,40.72974],[16.53694,40.73457],[16.5379,40.74212],[16.53138,40.74464],[16.53765,40.75329],[16.55261,40.75801],[16.5586,40.75447],[16.56114,40.74637],[16.56829,40.73716],[16.57798,40.742],[16.56687,40.75333],[16.57456,40.7618],[16.58558,40.76259],[16.59436,40.75264],[16.60669,40.7555],[16.61435,40.7529],[16.62707,40.75417],[16.6391,40.75084],[16.65168,40.74087],[16.66152,40.73683],[16.66336,40.74887],[16.65529,40.75716],[16.66009,40.77338],[16.67503,40.78953],[16.69348,40.80278],[16.69813,40.81275],[16.69416,40.82887],[16.68261,40.84599],[16.69506,40.85871],[16.69374,40.8667],[16.68439,40.88233],[16.68683,40.89165],[16.68464,40.89604],[16.66794,40.89603],[16.65314,40.91014],[16.64352,40.92515],[16.63649,40.92606],[16.62487,40.92289],[16.61559,40.92974],[16.59775,40.93582],[16.57722,40.93073],[16.56391,40.93304],[16.54871,40.94221],[16.54046,40.94377]]]},"properties":{"nome":"Altamura","prov":"BA","prov_nome":"Bari","istat":"072004"}},{"type":"Feature","geometry":{"type":"Polygon","coordinates":[[[16.86037,41.02813],[16.86368,41.04238],[16.87218,41.04592],[16.87388,41.05584],[16.8815,41.06094],[16.89838,41.06281],[16.89944,41.06273],[16.90918,41.07403],[16.92392,41.07785],[16.94474,41.09212],[16.95843,41.0929],[16.97881,41.08766],[17.02629,41.07427],[17.03352,41.08222],[17.00042,41.08805],[16.98012,41.09448],[16.96017,41.09726],[16.9274,41.11157],[16.91496,41.11295],[16.89079,41.11878],[16.87332,41.12557],[16.86547,41.13046],[16.85159,41.13014],[16.84541,41.1398],[16.835,41.13698],[16.8115,41.14012],[16.79266,41.14802],[16.77881,41.15975],[16.76287,41.16054],[16.74456,41.16799],[16.73161,41.16976],[16.72926,41.15828],[16.71728,41.15481],[16.72369,41.15215],[16.74635,41.12615],[16.75087,41.12221],[16.74997,41.11483],[16.76759,41.1116],[16.78642,41.12012],[16.79767,41.11144],[16.80825,41.0982],[16.80888,41.09085],[16.81806,41.08435],[16.81534,41.07963],[16.82972,41.06837],[16.83766,41.06453],[16.84187,41.05303],[16.83905,41.04353],[16.83906,41.02943],[16.84555,41.01453],[16.86042,41.02313],[16.86037,41.02813]]]},"properties":{"nome":"Bari","prov":"BA","prov_nome":"Bari","istat":"072006"}},{"type":"Feature","geometry":{"type":"MultiPolygon","coordinates":[[[[16.56409,41.00284],[16.54363,41.00125],[16.55684,40.98649],[16.56343,40.9833],[16.57094,40.99655],[16.56409,41.00284]]],[[[16.76003,40.99751],[16.73145,41.01183],[16.73015,41.02766],[16.72373,41.04089],[16.71055,41.03758],[16.68799,41.02893],[16.68431,41.01649],[16.68903,41.01293],[16.70421,41.01953],[16.71649,41.0163],[16.72373,41.00944],[16.72846,40.99869],[16.74221,40.99102],[16.74863,40.98298],[16.76395,40.97297],[16.76432,40.98691],[16.76003,40.99751]]]]},"properties":{"nome":"Binetto","prov":"BA","prov_nome":"Bari","istat":"072008"}},{"type":"Feature","geometry":{"type":"Polygon","coordinates":[[[16.76003,40.99751],[16.76119,41.00287],[16.77931,41.02751],[16.79819,41.02389],[16.80292,41.04292],[16.79672,41.04935],[16.7643,41.06792],[16.74898,41.07417],[16.73963,41.07164],[16.73845,41.0668],[16.72996,41.06176],[16.7274,41.04414],[16.72373,41.04089],[16.73015,41.02766],[16.73145,41.01183],[16.76003,40.99751]]]},"properties":{"nome":"Bitetto","prov":"BA","prov_nome":"Bari","istat":"072010"}},{"type":"Feature","geometry":{"type":"Polygon","coordinates":[[[16.54046,40.94377],[16.54213,40.96251],[16.55925,40.98082],[16.56343,40.9833],[16.55684,40.98649],[16.54363,41.00125],[16.56409,41.00284],[16.57331,41.01361],[16.57537,41.02678],[16.58262,41.03886],[16.59398,41.03759],[16.60996,41.05126],[16.60314,41.05923],[16.61579,41.06084],[16.61878,41.06635],[16.6264,41.06457],[16.6443,41.07517],[16.66957,41.0725],[16.68239,41.07398],[16.69031,41.07811],[16.71698,41.08732],[16.73244,41.08219],[16.73848,41.07742],[16.73963,41.07164],[16.74898,41.07417],[16.7482,41.08654],[16.75569,41.09962],[16.74997,41.11483],[16.75087,41.12221],[16.74635,41.12615],[16.72369,41.15215],[16.71728,41.15481],[16.69313,41.14974],[16.68451,41.14936],[16.66416,41.14356],[16.65787,41.13847],[16.64855,41.14011],[16.64204,41.13605],[16.62768,41.13591],[16.62123,41.12933],[16.61482,41.11765],[16.60833,41.10698],[16.58586,41.10307],[16.57407,41.09938],[16.56871,41.09326],[16.56612,41.07877],[16.5411,41.05147],[16.53366,41.04619],[16.51469,41.0438],[16.51096,41.03281],[16.5094,41.01294],[16.4971,41.01025],[16.4761,40.99544],[16.4717,40.98765],[16.47188,40.97885],[16.47486,40.97546],[16.50514,40.96227],[16.53167,40.94722],[16.54046,40.94377]]]},"properties":{"nome":"Bitonto","prov":"BA","prov_nome":"Bari","istat":"072011"}},{"type":"Feature","geometry":{"type":"Polygon","coordinates":[[[16.84555,41.01453],[16.83906,41.02943],[16.83905,41.04353],[16.84187,41.05303],[16.83766,41.06453],[16.82972,41.06837],[16.82648,41.06954],[16.81372,41.06178],[16.80292,41.04292],[16.79819,41.02389],[16.81079,41.01951],[16.81346,41.01189],[16.8229,41.00599],[16.83975,41.0114],[16.84555,41.01453]]]},"properties":{"nome":"Bitritto","prov":"BA","prov_nome":"Bari","istat":"072012"}},{"type":"Feature","geometry":{"type":"Polygon","coordinates":[[[16.89838,41.06281],[16.8987,41.05219],[16.90447,41.04311],[16.90437,41.03379],[16.90858,41.02913],[16.9074,41.01144],[16.91296,41.0117],[16.91705,41.02434],[16.92375,41.02639],[16.94222,41.02653],[16.94452,41.03069],[16.95315,41.03162],[16.9509,41.03808],[16.95477,41.04374],[16.94513,41.05206],[16.93309,41.05829],[16.92183,41.05707],[16.91799,41.06155],[16.89944,41.06273],[16.89838,41.06281]]]},"properties":{"nome":"Capurso","prov":"BA","prov_nome":"Bari","istat":"072014"}},{"type":"Feature","geometry":{"type":"Polygon","coordinates":[[[16.89719,40.8732],[16.92408,40.87488],[16.92432,40.8868],[16.92221,40.89452],[16.92458,40.90038],[16.93461,40.90168],[16.94175,40.91006],[16.96445,40.90911],[16.96477,40.91917],[16.96833,40.93871],[16.97348,40.95306],[16.96959,40.96405],[16.97101,40.96927],[16.9614,40.98056],[16.95778,40.99035],[16.94042,41.00198],[16.91917,41.00811],[16.91296,41.0117],[16.9074,41.01144],[16.90396,41.00741],[16.91118,40.99599],[16.90695,40.9866],[16.88818,40.98656],[16.88518,40.9826],[16.88833,40.97202],[16.88101,40.96181],[16.88089,40.94732],[16.89022,40.90415],[16.9026,40.90657],[16.9004,40.89733],[16.89438,40.8955],[16.89719,40.8732]]]},"properties":{"nome":"Casamassima","prov":"BA","prov_nome":"Bari","istat":"072015"}},{"type":"Feature","geometry":{"type":"Polygon","coordinates":[[[16.77993,40.94179],[16.77776,40.94296],[16.77224,40.93469],[16.75664,40.92711],[16.74008,40.9286],[16.7236,40.92742],[16.72123,40.92017],[16.72397,40.91769],[16.71857,40.90488],[16.71133,40.89926],[16.69818,40.89877],[16.68464,40.89604],[16.68683,40.89165],[16.68439,40.88233],[16.69374,40.8667],[16.69506,40.85871],[16.68261,40.84599],[16.69416,40.82887],[16.70171,40.83343],[16.71609,40.83141],[16.7126,40.82138],[16.72112,40.82098],[16.71741,40.83065],[16.72567,40.83988],[16.7378,40.83851],[16.74774,40.84519],[16.75717,40.84519],[16.76352,40.8418],[16.77047,40.84688],[16.78145,40.84554],[16.78742,40.84089],[16.79471,40.85985],[16.79868,40.8646],[16.81448,40.87118],[16.81491,40.885],[16.80758,40.89824],[16.80734,40.90537],[16.81167,40.91237],[16.80181,40.91954],[16.79557,40.92751],[16.78604,40.92924],[16.77965,40.9226],[16.77993,40.94179]]]},"properties":{"nome":"Cassano delle Murge","prov":"BA","prov_nome":"Bari","istat":"072016"}},{"type":"Feature","geometry":{"type":"MultiPolygon","coordinates":[[[[17.21197,40.81041],[17.20456,40.8059],[17.2127,40.80013],[17.22384,40.80609],[17.21971,40.81241],[17.21197,40.81041]]],[[[17.22146,40.82369],[17.21435,40.83545],[17.23025,40.83402],[17.2358,40.82625],[17.23853,40.82607],[17.23691,40.83225],[17.24971,40.83069],[17.25772,40.83259],[17.25204,40.84057],[17.24315,40.84393],[17.23304,40.84315],[17.231,40.85177],[17.24183,40.8602],[17.24234,40.86773],[17.22733,40.87639],[17.21161,40.89001],[17.20588,40.90198],[17.2055,40.91111],[17.18762,40.92359],[17.18909,40.90499],[17.18536,40.896],[17.16769,40.9046],[17.15538,40.90259],[17.15019,40.90988],[17.15154,40.91793],[17.1413,40.91938],[17.13469,40.90924],[17.12298,40.90894],[17.12324,40.90074],[17.11912,40.88594],[17.13089,40.87954],[17.13755,40.87279],[17.14756,40.86721],[17.1528,40.85924],[17.16151,40.85477],[17.16134,40.8447],[17.18188,40.82779],[17.18353,40.82249],[17.19542,40.81122],[17.19861,40.80991],[17.20227,40.82097],[17.22146,40.82369]]]]},"properties":{"nome":"Castellana Grotte","prov":"BA","prov_nome":"Bari","istat":"072017"}},{"type":"Feature","geometry":{"type":"Polygon","coordinates":[[[16.91296,41.0117],[16.91917,41.00811],[16.94042,41.00198],[16.94251,41.00778],[16.94273,41.02185],[16.9546,41.02711],[16.95315,41.03162],[16.94452,41.03069],[16.94222,41.02653],[16.92375,41.02639],[16.91705,41.02434],[16.91296,41.0117]]]},"properties":{"nome":"Cellamare","prov":"BA","prov_nome":"Bari","istat":"072018"}},{"type":"Feature","geometry":{"type":"Polygon","coordinates":[[[17.15154,40.91793],[17.16154,40.91756],[17.16822,40.92135],[17.17146,40.93516],[17.16781,40.94455],[17.16234,40.94663],[17.16633,40.96016],[17.16322,40.96805],[17.16415,40.97768],[17.15892,40.98764],[17.15822,41.0063],[17.14934,41.01873],[17.14107,41.02503],[17.13971,41.01771],[17.12979,41.01927],[17.10259,41.01961],[17.08873,41.0067],[17.08263,41.00445],[17.06628,41.00873],[17.06013,40.99933],[17.0543,40.99925],[17.05176,40.98925],[17.04199,40.98413],[17.03949,40.97813],[17.04128,40.96783],[17.02932,40.95817],[17.04002,40.94478],[17.053,40.94518],[17.0458,40.93412],[17.05498,40.92344],[17.05343,40.91362],[17.05875,40.89877],[17.05257,40.88679],[17.06002,40.8836],[17.06414,40.88169],[17.07655,40.89341],[17.10232,40.87644],[17.11283,40.87778],[17.11912,40.88594],[17.12324,40.90074],[17.12298,40.90894],[17.13469,40.90924],[17.1413,40.91938],[17.15154,40.91793]]]},"properties":{"nome":"Conversano","prov":"BA","prov_nome":"Bari","istat":"072019"}},{"type":"Feature","geometry":{"type":"Polygon","coordinates":[[[16.42878,41.19032],[16.41548,41.18709],[16.39807,41.18937],[16.39708,41.19414],[16.38787,41.19473],[16.38124,41.1817],[16.36382,41.17119],[16.35872,41.16427],[16.34922,41.1639],[16.33997,41.16652],[16.34171,41.15638],[16.33769,41.15143],[16.34043,41.14303],[16.3517,41.13472],[16.3437,41.1215],[16.32278,41.10678],[16.313,41.09025],[16.29875,41.08451],[16.29868,41.07359],[16.2787,41.05403],[16.26316,41.03319],[16.26752,41.02883],[16.27705,41.03181],[16.29652,41.02813],[16.32299,41.00932],[16.32024,40.99642],[16.33896,40.99178],[16.34617,40.99992],[16.36084,41.00159],[16.38306,41.01783],[16.38274,41.03019],[16.37591,41.039],[16.38611,41.04492],[16.39748,41.05463],[16.39841,41.07076],[16.40068,41.07796],[16.3986,41.08566],[16.41376,41.10002],[16.43304,41.12591],[16.44331,41.12719],[16.44793,41.13714],[16.46789,41.15248],[16.46368,41.1636],[16.45646,41.17388],[16.44338,41.17984],[16.43632,41.1882],[16.42878,41.19032]]]},"properties":{"nome":"Corato","prov":"BA","prov_nome":"Bari","istat":"072020"}},{"type":"Feature","geometry":{"type":"Polygon","coordinates":[[[16.79749,40.75549],[16.79539,40.75069],[16.79639,40.73429],[16.7868,40.73327],[16.79774,40.70466],[16.80007,40.69501],[16.81388,40.69313],[16.81903,40.69812],[16.81804,40.70621],[16.83441,40.7095],[16.84214,40.71279],[16.85068,40.72163],[16.86389,40.72154],[16.87065,40.71147],[16.87511,40.71648],[16.89235,40.71512],[16.89942,40.70803],[16.91195,40.70709],[16.93071,40.71286],[16.92306,40.726],[16.92593,40.73683],[16.93754,40.74155],[16.95049,40.74314],[16.97153,40.74133],[17.0059,40.75464],[17.01545,40.75982],[17.0335,40.77078],[17.03377,40.77506],[17.02308,40.77991],[17.02134,40.80509],[17.01957,40.80865],[17.01833,40.81199],[17.00411,40.8227],[16.99706,40.8304],[16.9823,40.8353],[16.98592,40.84571],[16.98287,40.84632],[16.98039,40.84718],[16.97982,40.84741],[16.96273,40.84587],[16.95159,40.84725],[16.90056,40.86173],[16.9014,40.85716],[16.90954,40.85036],[16.8877,40.84646],[16.87281,40.82906],[16.86499,40.81559],[16.85222,40.813],[16.84567,40.8021],[16.84223,40.79781],[16.82962,40.77782],[16.82893,40.75458],[16.8245,40.75352],[16.79749,40.75549]]]},"properties":{"nome":"Gioia del Colle","prov":"BA","prov_nome":"Bari","istat":"072021"}},{"type":"Feature","geometry":{"type":"Polygon","coordinates":[[[16.73161,41.16976],[16.69959,41.1767],[16.68233,41.18221],[16.67494,41.18901],[16.66039,41.19243],[16.65206,41.19124],[16.6402,41.1944],[16.63466,41.18701],[16.62078,41.17795],[16.61748,41.17245],[16.61914,41.1625],[16.61225,41.16069],[16.6169,41.1523],[16.61435,41.14631],[16.6005,41.13775],[16.59547,41.13721],[16.60213,41.12346],[16.60813,41.11753],[16.61482,41.11765],[16.62123,41.12933],[16.62768,41.13591],[16.64204,41.13605],[16.64855,41.14011],[16.65787,41.13847],[16.66416,41.14356],[16.68451,41.14936],[16.69313,41.14974],[16.71728,41.15481],[16.72926,41.15828],[16.73161,41.16976]]]},"properties":{"nome":"Giovinazzo","prov":"BA","prov_nome":"Bari","istat":"072022"}},{"type":"Feature","geometry":{"type":"Polygon","coordinates":[[[16.34574,40.95748],[16.32721,40.96575],[16.30635,40.98085],[16.28069,40.99265],[16.26642,41.00535],[16.25189,40.96218],[16.26039,40.9507],[16.27411,40.94362],[16.29504,40.94281],[16.29322,40.9287],[16.29526,40.92113],[16.29191,40.91146],[16.27728,40.89838],[16.26271,40.89076],[16.25171,40.89199],[16.23778,40.88744],[16.2258,40.87807],[16.231,40.85687],[16.24037,40.84542],[16.24225,40.83956],[16.25205,40.83329],[16.25445,40.82809],[16.26987,40.81356],[16.2747,40.80685],[16.28438,40.7992],[16.29793,40.79345],[16.31623,40.78311],[16.34689,40.75199],[16.38039,40.7364],[16.38614,40.73144],[16.40015,40.70741],[16.41378,40.70186],[16.43,40.70397],[16.462,40.72392],[16.48167,40.73918],[16.49647,40.75859],[16.50105,40.76229],[16.50566,40.76697],[16.5016,40.7773],[16.49568,40.78518],[16.46962,40.80676],[16.45646,40.82559],[16.45351,40.83938],[16.44326,40.85106],[16.44617,40.86618],[16.44549,40.87596],[16.43508,40.89572],[16.41213,40.91822],[16.40677,40.92171],[16.38207,40.93206],[16.34446,40.95181],[16.34574,40.95748]]]},"properties":{"nome":"Gravina in Puglia","prov":"BA","prov_nome":"Bari","istat":"072023"}},{"type":"Feature","geometry":{"type":"Polygon","coordinates":[[[16.68464,40.89604],[16.69818,40.89877],[16.71133,40.89926],[16.71857,40.90488],[16.72397,40.91769],[16.72123,40.92017],[16.71006,40.92405],[16.71176,40.93106],[16.72355,40.94324],[16.7391,40.94967],[16.74819,40.94765],[16.75857,40.95145],[16.7637,40.96509],[16.76395,40.97297],[16.74863,40.98298],[16.74221,40.99102],[16.72846,40.99869],[16.72373,41.00944],[16.71649,41.0163],[16.70421,41.01953],[16.68903,41.01293],[16.69629,41.00987],[16.69493,40.98978],[16.68806,40.96754],[16.68353,40.96519],[16.64762,40.96657],[16.62674,40.94585],[16.61559,40.92974],[16.62487,40.92289],[16.63649,40.92606],[16.64352,40.92515],[16.65314,40.91014],[16.66794,40.89603],[16.68464,40.89604]]]},"properties":{"nome":"Grumo Appula","prov":"BA","prov_nome":"Bari","istat":"072024"}},{"type":"Feature","geometry":{"type":"Polygon","coordinates":[[[17.30167,40.80208],[17.3104,40.7904],[17.30172,40.78456],[17.29587,40.78856],[17.28912,40.78213],[17.30107,40.77451],[17.28354,40.77372],[17.28298,40.76762],[17.28999,40.76235],[17.30682,40.74464],[17.3157,40.74094],[17.32303,40.74358],[17.34026,40.73927],[17.34105,40.74292],[17.35361,40.74859],[17.36299,40.74814],[17.37493,40.7504],[17.39077,40.74755],[17.39448,40.75021],[17.38735,40.77095],[17.39425,40.77235],[17.39789,40.77855],[17.39859,40.78568],[17.37615,40.78762],[17.36491,40.78636],[17.333,40.80681],[17.31016,40.81092],[17.30167,40.80208]]]},"properties":{"nome":"Locorotondo","prov":"BA","prov_nome":"Bari","istat":"072025"}},{"type":"Feature","geometry":{"type":"Polygon","coordinates":[[[16.74997,41.11483],[16.75569,41.09962],[16.7482,41.08654],[16.74898,41.07417],[16.7643,41.06792],[16.79672,41.04935],[16.80292,41.04292],[16.81372,41.06178],[16.82648,41.06954],[16.82972,41.06837],[16.81534,41.07963],[16.81806,41.08435],[16.80888,41.09085],[16.80825,41.0982],[16.79767,41.11144],[16.78642,41.12012],[16.76759,41.1116],[16.74997,41.11483]]]},"properties":{"nome":"Modugno","prov":"BA","prov_nome":"Bari","istat":"072027"}},{"type":"Feature","geometry":{"type":"Polygon","coordinates":[[[17.02629,41.07427],[17.0374,41.06566],[17.03496,41.05666],[17.0273,41.04963],[17.02534,41.03974],[17.03978,41.03085],[17.04124,41.02317],[17.04898,41.01942],[17.04815,41.01025],[17.0543,40.99925],[17.06013,40.99933],[17.06628,41.00873],[17.08263,41.00445],[17.08873,41.0067],[17.10259,41.01961],[17.12979,41.01927],[17.13971,41.01771],[17.14107,41.02503],[17.14473,41.03664],[17.11491,41.04954],[17.09075,41.06329],[17.067,41.07177],[17.05826,41.07602],[17.03352,41.08222],[17.02629,41.07427]]]},"properties":{"nome":"Mola di Bari","prov":"BA","prov_nome":"Bari","istat":"072028"}},{"type":"Feature","geometry":{"type":"Polygon","coordinates":[[[16.6402,41.1944],[16.63254,41.19306],[16.60087,41.2048],[16.58451,41.20753],[16.58426,41.21191],[16.57424,41.21581],[16.55972,41.22459],[16.54226,41.22947],[16.53925,41.21616],[16.5338,41.20739],[16.51734,41.19235],[16.51089,41.18302],[16.51696,41.17247],[16.50809,41.15937],[16.52502,41.15444],[16.53763,41.16153],[16.56447,41.15824],[16.56981,41.16054],[16.57979,41.15714],[16.59547,41.13721],[16.6005,41.13775],[16.61435,41.14631],[16.6169,41.1523],[16.61225,41.16069],[16.61914,41.1625],[16.61748,41.17245],[16.62078,41.17795],[16.63466,41.18701],[16.6402,41.1944]]]},"properties":{"nome":"Molfetta","prov":"BA","prov_nome":"Bari","istat":"072029"}},{"type":"Feature","geometry":{"type":"MultiPolygon","coordinates":[[[[17.2358,40.82625],[17.23025,40.83402],[17.21435,40.83545],[17.22146,40.82369],[17.2358,40.82625]]],[[[17.29774,40.82012],[17.31044,40.829],[17.31206,40.84101],[17.32155,40.84306],[17.33907,40.85846],[17.34667,40.86905],[17.35474,40.87682],[17.37029,40.88554],[17.38921,40.89225],[17.35154,40.90505],[17.32835,40.93507],[17.31697,40.94119],[17.30578,40.95062],[17.30177,40.95828],[17.28251,40.96627],[17.27303,40.97431],[17.26369,40.9749],[17.25802,40.97843],[17.25318,40.96745],[17.2462,40.96104],[17.2389,40.96117],[17.23375,40.95342],[17.21516,40.95271],[17.21436,40.9476],[17.2038,40.94864],[17.19509,40.94252],[17.18762,40.92359],[17.2055,40.91111],[17.20588,40.90198],[17.21161,40.89001],[17.22733,40.87639],[17.24234,40.86773],[17.24183,40.8602],[17.231,40.85177],[17.23304,40.84315],[17.24315,40.84393],[17.25204,40.84057],[17.25772,40.83259],[17.24971,40.83069],[17.23691,40.83225],[17.23853,40.82607],[17.24166,40.82575],[17.24357,40.8255],[17.27171,40.82241],[17.29201,40.82185],[17.29774,40.82012]]]]},"properties":{"nome":"Monopoli","prov":"BA","prov_nome":"Bari","istat":"072030"}},{"type":"Feature","geometry":{"type":"Polygon","coordinates":[[[17.19861,40.80991],[17.19542,40.81122],[17.1875,40.81016],[17.17273,40.80473],[17.15887,40.80708],[17.15372,40.80045],[17.14556,40.80215],[17.14016,40.81135],[17.13908,40.81959],[17.12461,40.81659],[17.09194,40.81239],[17.08056,40.81725],[17.05513,40.81487],[17.04693,40.81947],[17.04143,40.81458],[17.04547,40.80834],[17.02642,40.80664],[17.01957,40.80865],[17.02134,40.80509],[17.02308,40.77991],[17.03377,40.77506],[17.0335,40.77078],[17.01545,40.75982],[17.01885,40.75001],[17.00095,40.7314],[17.02257,40.71308],[17.03369,40.71207],[17.06296,40.7211],[17.08262,40.71984],[17.08811,40.71646],[17.0869,40.7109],[17.09647,40.70883],[17.10166,40.71446],[17.11296,40.71354],[17.11616,40.70819],[17.1249,40.70708],[17.14949,40.71076],[17.15605,40.73988],[17.16238,40.74477],[17.20128,40.76167],[17.20308,40.76092],[17.20378,40.77432],[17.18456,40.79976],[17.19982,40.80613],[17.19861,40.80991]]]},"properties":{"nome":"Noci","prov":"BA","prov_nome":"Bari","istat":"072031"}},{"type":"Feature","geometry":{"type":"Polygon","coordinates":[[[16.97881,41.08766],[16.97697,41.06874],[16.97095,41.05824],[16.96303,41.05537],[16.95477,41.04374],[16.9509,41.03808],[16.95315,41.03162],[16.9546,41.02711],[16.94273,41.02185],[16.94251,41.00778],[16.94042,41.00198],[16.95778,40.99035],[16.95736,41.00183],[16.9686,41.00868],[16.97875,41.01742],[16.98807,41.01864],[17.00702,41.02703],[17.01176,41.0361],[17.02534,41.03974],[17.0273,41.04963],[17.03496,41.05666],[17.0374,41.06566],[17.02629,41.07427],[16.97881,41.08766]]]},"properties":{"nome":"Noicattaro","prov":"BA","prov_nome":"Bari","istat":"072032"}},{"type":"Feature","geometry":{"type":"Polygon","coordinates":[[[16.57094,40.99655],[16.59396,40.99932],[16.60795,40.99639],[16.62846,41.00497],[16.65012,41.00817],[16.66624,41.01372],[16.68431,41.01649],[16.68799,41.02893],[16.71055,41.03758],[16.72373,41.04089],[16.7274,41.04414],[16.72996,41.06176],[16.73845,41.0668],[16.73963,41.07164],[16.73848,41.07742],[16.73244,41.08219],[16.71698,41.08732],[16.69031,41.07811],[16.68239,41.07398],[16.66957,41.0725],[16.6443,41.07517],[16.6264,41.06457],[16.61878,41.06635],[16.61579,41.06084],[16.60314,41.05923],[16.60996,41.05126],[16.59398,41.03759],[16.58262,41.03886],[16.57537,41.02678],[16.57331,41.01361],[16.56409,41.00284],[16.57094,40.99655]]]},"properties":{"nome":"Palo del Colle","prov":"BA","prov_nome":"Bari","istat":"072033"}},{"type":"Feature","geometry":{"type":"Polygon","coordinates":[[[16.25189,40.96218],[16.23251,40.95153],[16.20911,40.92856],[16.20246,40.91753],[16.21403,40.90503],[16.2258,40.87807],[16.23778,40.88744],[16.25171,40.89199],[16.26271,40.89076],[16.27728,40.89838],[16.29191,40.91146],[16.29526,40.92113],[16.29322,40.9287],[16.29504,40.94281],[16.27411,40.94362],[16.26039,40.9507],[16.25189,40.96218]]]},"properties":{"nome":"Poggiorsini","prov":"BA","prov_nome":"Bari","istat":"072034"}},{"type":"Feature","geometry":{"type":"Polygon","coordinates":[[[17.18762,40.92359],[17.19509,40.94252],[17.2038,40.94864],[17.21436,40.9476],[17.21516,40.95271],[17.23375,40.95342],[17.2389,40.96117],[17.2462,40.96104],[17.25318,40.96745],[17.25802,40.97843],[17.25683,40.98143],[17.24338,40.98763],[17.23786,40.99218],[17.20599,41.00133],[17.20229,41.00733],[17.17622,41.02851],[17.15462,41.03289],[17.14473,41.03664],[17.14107,41.02503],[17.14934,41.01873],[17.15822,41.0063],[17.15892,40.98764],[17.16415,40.97768],[17.16322,40.96805],[17.16633,40.96016],[17.16234,40.94663],[17.16781,40.94455],[17.17146,40.93516],[17.16822,40.92135],[17.16154,40.91756],[17.15154,40.91793],[17.15019,40.90988],[17.15538,40.90259],[17.16769,40.9046],[17.18536,40.896],[17.18909,40.90499],[17.18762,40.92359]]]},"properties":{"nome":"Polignano a Mare","prov":"BA","prov_nome":"Bari","istat":"072035"}},{"type":"Feature","geometry":{"type":"Polygon","coordinates":[[[17.11912,40.88594],[17.11283,40.87778],[17.10232,40.87644],[17.07655,40.89341],[17.06414,40.88169],[17.06002,40.8836],[17.05451,40.87526],[17.03695,40.86306],[17.03082,40.86279],[17.02206,40.85675],[17.00169,40.8565],[16.98592,40.84571],[16.9823,40.8353],[16.99706,40.8304],[17.00411,40.8227],[17.01833,40.81199],[17.01957,40.80865],[17.02642,40.80664],[17.04547,40.80834],[17.04143,40.81458],[17.04693,40.81947],[17.05513,40.81487],[17.08056,40.81725],[17.09194,40.81239],[17.12461,40.81659],[17.13908,40.81959],[17.14016,40.81135],[17.14556,40.80215],[17.15372,40.80045],[17.15887,40.80708],[17.17273,40.80473],[17.1875,40.81016],[17.19542,40.81122],[17.18353,40.82249],[17.18188,40.82779],[17.16134,40.8447],[17.16151,40.85477],[17.1528,40.85924],[17.14756,40.86721],[17.13755,40.87279],[17.13089,40.87954],[17.11912,40.88594]]]},"properties":{"nome":"Putignano","prov":"BA","prov_nome":"Bari","istat":"072036"}},{"type":"Feature","geometry":{"type":"Polygon","coordinates":[[[16.97348,40.95306],[16.99142,40.95233],[17.02932,40.95817],[17.04128,40.96783],[17.03949,40.97813],[17.04199,40.98413],[17.05176,40.98925],[17.0543,40.99925],[17.04815,41.01025],[17.04898,41.01942],[17.04124,41.02317],[17.03978,41.03085],[17.02534,41.03974],[17.01176,41.0361],[17.00702,41.02703],[16.98807,41.01864],[16.97875,41.01742],[16.9686,41.00868],[16.95736,41.00183],[16.95778,40.99035],[16.9614,40.98056],[16.97101,40.96927],[16.96959,40.96405],[16.97348,40.95306]]]},"properties":{"nome":"Rutigliano","prov":"BA","prov_nome":"Bari","istat":"072037"}},{"type":"Feature","geometry":{"type":"Polygon","coordinates":[[[16.47188,40.97885],[16.4717,40.98765],[16.4761,40.99544],[16.4971,41.01025],[16.5094,41.01294],[16.51096,41.03281],[16.51469,41.0438],[16.5146,41.05047],[16.51927,41.06228],[16.52082,41.07719],[16.51493,41.10023],[16.50808,41.1119],[16.50959,41.12162],[16.50599,41.13328],[16.5096,41.14854],[16.50384,41.15134],[16.48271,41.15365],[16.46789,41.15248],[16.44793,41.13714],[16.44331,41.12719],[16.43304,41.12591],[16.41376,41.10002],[16.3986,41.08566],[16.40068,41.07796],[16.39841,41.07076],[16.39748,41.05463],[16.38611,41.04492],[16.37591,41.039],[16.38274,41.03019],[16.38306,41.01783],[16.36084,41.00159],[16.34617,40.99992],[16.33896,40.99178],[16.32024,40.99642],[16.32299,41.00932],[16.29652,41.02813],[16.27705,41.03181],[16.26752,41.02883],[16.26662,41.02389],[16.25404,41.01478],[16.26642,41.00535],[16.28069,40.99265],[16.30635,40.98085],[16.32721,40.96575],[16.34574,40.95748],[16.36429,40.96259],[16.37583,40.96377],[16.40267,40.96158],[16.40623,40.95857],[16.44043,40.96077],[16.47188,40.97885]]]},"properties":{"nome":"Ruvo di Puglia","prov":"BA","prov_nome":"Bari","istat":"072038"}},{"type":"Feature","geometry":{"type":"Polygon","coordinates":[[[16.90056,40.86173],[16.95159,40.84725],[16.96273,40.84587],[16.97982,40.84741],[16.99331,40.86181],[16.99929,40.87692],[16.96024,40.8863],[16.96445,40.90911],[16.94175,40.91006],[16.93461,40.90168],[16.92458,40.90038],[16.92221,40.89452],[16.92432,40.8868],[16.92408,40.87488],[16.89719,40.8732],[16.90056,40.86173]]]},"properties":{"nome":"Sammichele di Bari","prov":"BA","prov_nome":"Bari","istat":"072039"}},{"type":"Feature","geometry":{"type":"Polygon","coordinates":[[[16.77776,40.94296],[16.77993,40.94179],[16.78938,40.94918],[16.79683,40.95091],[16.81015,40.95964],[16.82012,40.96155],[16.83271,40.9593],[16.83704,40.96179],[16.84167,40.97342],[16.84545,40.98303],[16.84517,40.98955],[16.83972,41.00417],[16.83975,41.0114],[16.8229,41.00599],[16.81346,41.01189],[16.81079,41.01951],[16.79819,41.02389],[16.77931,41.02751],[16.76119,41.00287],[16.76003,40.99751],[16.76432,40.98691],[16.76395,40.97297],[16.7637,40.96509],[16.75857,40.95145],[16.74819,40.94765],[16.7391,40.94967],[16.72355,40.94324],[16.71176,40.93106],[16.71006,40.92405],[16.72123,40.92017],[16.7236,40.92742],[16.74008,40.9286],[16.75664,40.92711],[16.77224,40.93469],[16.77776,40.94296]],[[16.77776,40.94296],[16.77122,40.94619],[16.77101,40.95479],[16.78336,40.95618],[16.78531,40.95101],[16.77776,40.94296]]]},"properties":{"nome":"Sannicandro di Bari","prov":"BA","prov_nome":"Bari","istat":"072040"}},{"type":"Feature","geometry":{"type":"Polygon","coordinates":[[[16.84223,40.79781],[16.84567,40.8021],[16.84894,40.80784],[16.84657,40.8167],[16.83452,40.81989],[16.81418,40.82151],[16.80034,40.82892],[16.78742,40.84089],[16.78145,40.84554],[16.77047,40.84688],[16.76352,40.8418],[16.75717,40.84519],[16.74774,40.84519],[16.7378,40.83851],[16.72567,40.83988],[16.71741,40.83065],[16.72112,40.82098],[16.7126,40.82138],[16.71609,40.83141],[16.70171,40.83343],[16.69416,40.82887],[16.69813,40.81275],[16.69348,40.80278],[16.67503,40.78953],[16.66009,40.77338],[16.65529,40.75716],[16.66336,40.74887],[16.67751,40.73614],[16.7249,40.71383],[16.73513,40.71102],[16.74895,40.71773],[16.77956,40.72907],[16.7868,40.73327],[16.79639,40.73429],[16.79539,40.75069],[16.79749,40.75549],[16.80225,40.77242],[16.81102,40.79175],[16.83232,40.79738],[16.84223,40.79781]]]},"properties":{"nome":"Santeramo in Colle","prov":"BA","prov_nome":"Bari","istat":"072041"}},{"type":"Feature","geometry":{"type":"Polygon","coordinates":[[[16.61482,41.11765],[16.60813,41.11753],[16.60213,41.12346],[16.59547,41.13721],[16.57979,41.15714],[16.56981,41.16054],[16.56447,41.15824],[16.53763,41.16153],[16.52502,41.15444],[16.50809,41.15937],[16.50384,41.15134],[16.5096,41.14854],[16.50599,41.13328],[16.50959,41.12162],[16.50808,41.1119],[16.51493,41.10023],[16.52082,41.07719],[16.51927,41.06228],[16.5146,41.05047],[16.51469,41.0438],[16.53366,41.04619],[16.5411,41.05147],[16.56612,41.07877],[16.56871,41.09326],[16.57407,41.09938],[16.58586,41.10307],[16.60833,41.10698],[16.61482,41.11765]]]},"properties":{"nome":"Terlizzi","prov":"BA","prov_nome":"Bari","istat":"072043"}},{"type":"Feature","geometry":{"type":"Polygon","coordinates":[[[16.61559,40.92974],[16.62674,40.94585],[16.64762,40.96657],[16.68353,40.96519],[16.68806,40.96754],[16.69493,40.98978],[16.69629,41.00987],[16.68903,41.01293],[16.68431,41.01649],[16.66624,41.01372],[16.65012,41.00817],[16.62846,41.00497],[16.60795,40.99639],[16.59396,40.99932],[16.57094,40.99655],[16.56343,40.9833],[16.55925,40.98082],[16.54213,40.96251],[16.54046,40.94377],[16.54871,40.94221],[16.56391,40.93304],[16.57722,40.93073],[16.59775,40.93582],[16.61559,40.92974]]]},"properties":{"nome":"Toritto","prov":"BA","prov_nome":"Bari","istat":"072044"}},{"type":"Feature","geometry":{"type":"Polygon","coordinates":[[[16.89944,41.06273],[16.91799,41.06155],[16.92183,41.05707],[16.93309,41.05829],[16.94513,41.05206],[16.95477,41.04374],[16.96303,41.05537],[16.97095,41.05824],[16.97697,41.06874],[16.97881,41.08766],[16.95843,41.0929],[16.94474,41.09212],[16.92392,41.07785],[16.90918,41.07403],[16.89944,41.06273]]]},"properties":{"nome":"Triggiano","prov":"BA","prov_nome":"Bari","istat":"072046"}},{"type":"Feature","geometry":{"type":"Polygon","coordinates":[[[16.96445,40.90911],[16.96024,40.8863],[16.99929,40.87692],[16.99331,40.86181],[16.97982,40.84741],[16.98039,40.84718],[16.98287,40.84632],[16.98592,40.84571],[17.00169,40.8565],[17.02206,40.85675],[17.03082,40.86279],[17.03695,40.86306],[17.05451,40.87526],[17.06002,40.8836],[17.05257,40.88679],[17.05875,40.89877],[17.05343,40.91362],[17.05498,40.92344],[17.0458,40.93412],[17.053,40.94518],[17.04002,40.94478],[17.02932,40.95817],[16.99142,40.95233],[16.97348,40.95306],[16.96833,40.93871],[16.96477,40.91917],[16.96445,40.90911]]]},"properties":{"nome":"Turi","prov":"BA","prov_nome":"Bari","istat":"072047"}},{"type":"Feature","geometry":{"type":"Polygon","coordinates":[[[16.90396,41.00741],[16.9074,41.01144],[16.90858,41.02913],[16.90437,41.03379],[16.90447,41.04311],[16.8987,41.05219],[16.89838,41.06281],[16.8815,41.06094],[16.87388,41.05584],[16.87218,41.04592],[16.86368,41.04238],[16.86037,41.02813],[16.87552,41.01916],[16.90396,41.00741]]]},"properties":{"nome":"Valenzano","prov":"BA","prov_nome":"Bari","istat":"072048"}},{"type":"Feature","geometry":{"type":"Polygon","coordinates":[[[17.79833,40.37965],[17.79745,40.38501],[17.7896,40.39137],[17.77758,40.38817],[17.77153,40.39698],[17.72862,40.39155],[17.71068,40.3861],[17.69888,40.3857],[17.69002,40.38292],[17.686,40.37164],[17.68597,40.34507],[17.70435,40.34344],[17.70311,40.33395],[17.69553,40.33084],[17.69502,40.32076],[17.69787,40.31807],[17.72995,40.31361],[17.75705,40.31646],[17.76795,40.3116],[17.78531,40.31073],[17.78108,40.32434],[17.79204,40.33672],[17.79923,40.35352],[17.79975,40.36829],[17.79833,40.37965]]]},"properties":{"nome":"Avetrana","prov":"TA","prov_nome":"Taranto","istat":"073001"}},{"type":"Feature","geometry":{"type":"Polygon","coordinates":[[[17.42624,40.47658],[17.42633,40.48114],[17.41333,40.49332],[17.40934,40.49226],[17.39778,40.48346],[17.39179,40.48379],[17.38741,40.46749],[17.3903,40.46147],[17.39947,40.45833],[17.40614,40.45861],[17.43092,40.45395],[17.43143,40.46176],[17.42624,40.47658]]]},"properties":{"nome":"Carosino","prov":"TA","prov_nome":"Taranto","istat":"073002"}},{"type":"Feature","geometry":{"type":"Polygon","coordinates":[[[16.81388,40.69313],[16.82077,40.68616],[16.83406,40.69316],[16.8299,40.67919],[16.84731,40.67398],[16.83618,40.66685],[16.8564,40.6598],[16.85102,40.65415],[16.85493,40.64072],[16.86458,40.63239],[16.86291,40.62216],[16.87262,40.61065],[16.86828,40.60021],[16.8576,40.58089],[16.83917,40.57957],[16.82665,40.57361],[16.82797,40.56864],[16.83671,40.56076],[16.86264,40.55867],[16.86143,40.55475],[16.85068,40.5462],[16.82896,40.53553],[16.80966,40.52734],[16.82999,40.51187],[16.8346,40.51055],[16.84913,40.49578],[16.86011,40.48248],[16.875,40.47416],[16.88956,40.46805],[16.89932,40.45968],[16.90977,40.4414],[16.91905,40.44892],[16.94609,40.46765],[16.96683,40.48],[16.99312,40.49378],[16.9719,40.49823],[16.96275,40.50344],[16.95728,40.5031],[16.95059,40.5036],[16.93626,40.51268],[16.9322,40.51712],[16.93579,40.5225],[16.94773,40.52951],[16.95737,40.54749],[16.96065,40.57268],[16.94626,40.59488],[16.94346,40.62998],[16.93642,40.63431],[16.93288,40.64431],[16.93489,40.65974],[16.93027,40.66672],[16.932,40.6723],[16.94099,40.67597],[16.93501,40.69432],[16.93032,40.70257],[16.93071,40.71286],[16.91195,40.70709],[16.89942,40.70803],[16.89235,40.71512],[16.87511,40.71648],[16.87065,40.71147],[16.86389,40.72154],[16.85068,40.72163],[16.84214,40.71279],[16.83441,40.7095],[16.81804,40.70621],[16.81903,40.69812],[16.81388,40.69313]]]},"properties":{"nome":"Castellaneta","prov":"TA","prov_nome":"Taranto","istat":"073003"}},{"type":"Feature","geometry":{"type":"Polygon","coordinates":[[[17.41036,40.59903],[17.41673,40.60174],[17.41393,40.61456],[17.40828,40.61883],[17.3946,40.62076],[17.38666,40.61991],[17.37207,40.61138],[17.34464,40.61298],[17.3344,40.61719],[17.32506,40.60977],[17.31164,40.61753],[17.2979,40.61936],[17.29484,40.62868],[17.27969,40.63547],[17.27673,40.6428],[17.26401,40.64949],[17.25194,40.65161],[17.24293,40.65037],[17.23964,40.64654],[17.2443,40.63773],[17.22749,40.63387],[17.22349,40.63724],[17.20771,40.63913],[17.1953,40.6488],[17.18487,40.65382],[17.17411,40.64506],[17.15422,40.63952],[17.1543,40.62856],[17.1582,40.62602],[17.17815,40.62318],[17.17282,40.61862],[17.16173,40.62415],[17.15614,40.62318],[17.15721,40.61379],[17.17431,40.61016],[17.17889,40.60608],[17.16563,40.60077],[17.15545,40.57658],[17.15642,40.5733],[17.17443,40.57195],[17.19587,40.57696],[17.20731,40.5817],[17.22683,40.58165],[17.24398,40.57838],[17.25021,40.57549],[17.27283,40.56941],[17.28831,40.57019],[17.30072,40.56652],[17.3006,40.55957],[17.31522,40.55099],[17.32098,40.55263],[17.33042,40.56104],[17.31865,40.58418],[17.3275,40.59179],[17.32023,40.60335],[17.32576,40.60636],[17.34428,40.60366],[17.36241,40.60684],[17.37991,40.60296],[17.40107,40.59465],[17.41036,40.59903]]]},"properties":{"nome":"Crispiano","prov":"TA","prov_nome":"Taranto","istat":"073004"}},{"type":"Feature","geometry":{"type":"MultiPolygon","coordinates":[[[[17.35794,40.3968],[17.36467,40.40804],[17.35427,40.40831],[17.35362,40.40396],[17.35451,40.3966],[17.35635,40.39686],[17.35794,40.3968]]],[[[17.37561,40.43858],[17.37036,40.44577],[17.34644,40.44792],[17.34015,40.44354],[17.34868,40.42821],[17.35842,40.42859],[17.37111,40.42183],[17.37156,40.41594],[17.36516,40.40797],[17.36895,40.39624],[17.3811,40.39352],[17.38772,40.38878],[17.38213,40.37975],[17.40881,40.38246],[17.41229,40.39118],[17.40874,40.39321],[17.40932,40.40688],[17.39977,40.41385],[17.38951,40.4313],[17.37892,40.43082],[17.37561,40.43858]]]]},"properties":{"nome":"Faggiano","prov":"TA","prov_nome":"Taranto","istat":"073005"}},{"type":"Feature","geometry":{"type":"Polygon","coordinates":[[[17.47044,40.45679],[17.4595,40.46113],[17.45256,40.46105],[17.45422,40.45487],[17.44637,40.45057],[17.45502,40.43771],[17.45561,40.42086],[17.45912,40.41379],[17.47037,40.41317],[17.48491,40.39752],[17.50042,40.40386],[17.50798,40.42495],[17.50702,40.42913],[17.49541,40.44015],[17.49523,40.44799],[17.49097,40.45304],[17.48121,40.45622],[17.47044,40.45679]]]},"properties":{"nome":"Fragagnano","prov":"TA","prov_nome":"Taranto","istat":"073006"}},{"type":"Feature","geometry":{"type":"Polygon","coordinates":[[[16.82665,40.57361],[16.82342,40.57636],[16.81287,40.5739],[16.78922,40.57202],[16.78504,40.58202],[16.76877,40.59423],[16.75357,40.59801],[16.75261,40.60164],[16.74238,40.60405],[16.72826,40.60142],[16.71177,40.59283],[16.71581,40.58722],[16.7137,40.57652],[16.70781,40.56458],[16.70569,40.55019],[16.71677,40.54286],[16.72248,40.53351],[16.7167,40.5236],[16.72531,40.5141],[16.73634,40.51077],[16.7372,40.50506],[16.73189,40.49617],[16.71959,40.48141],[16.74374,40.46472],[16.76207,40.46242],[16.78547,40.46288],[16.80282,40.45744],[16.80833,40.44787],[16.81016,40.43304],[16.81637,40.42921],[16.83373,40.41237],[16.85892,40.40376],[16.86717,40.39785],[16.87084,40.40351],[16.90252,40.43572],[16.90977,40.4414],[16.89932,40.45968],[16.88956,40.46805],[16.875,40.47416],[16.86011,40.48248],[16.84913,40.49578],[16.8346,40.51055],[16.82999,40.51187],[16.80966,40.52734],[16.82896,40.53553],[16.85068,40.5462],[16.86143,40.55475],[16.86264,40.55867],[16.83671,40.56076],[16.82797,40.56864],[16.82665,40.57361]]]},"properties":{"nome":"Ginosa","prov":"TA","prov_nome":"Taranto","istat":"073007"}},{"type":"Feature","geometry":{"type":"MultiPolygon","coordinates":[[[[17.45301,40.56768],[17.45754,40.58101],[17.45332,40.58156],[17.45301,40.56768]]],[[[17.42624,40.47658],[17.43896,40.48068],[17.44704,40.47626],[17.45228,40.46867],[17.45256,40.46105],[17.4595,40.46113],[17.47175,40.46403],[17.48592,40.47218],[17.48699,40.48216],[17.47963,40.50337],[17.47204,40.50985],[17.4648,40.52215],[17.46087,40.5334],[17.45223,40.54262],[17.4483,40.55494],[17.45174,40.56515],[17.43269,40.57676],[17.43168,40.57976],[17.42731,40.58125],[17.41617,40.58267],[17.4092,40.58683],[17.41405,40.59131],[17.41036,40.59903],[17.40107,40.59465],[17.37991,40.60296],[17.36241,40.60684],[17.34428,40.60366],[17.32576,40.60636],[17.32023,40.60335],[17.3275,40.59179],[17.3492,40.5913],[17.35354,40.57746],[17.36322,40.57594],[17.3674,40.56647],[17.35566,40.55873],[17.3709,40.55835],[17.38196,40.55003],[17.37027,40.54085],[17.35978,40.52923],[17.35299,40.52915],[17.34716,40.51979],[17.3543,40.51401],[17.37149,40.51437],[17.39916,40.50786],[17.39659,40.50205],[17.40531,40.49888],[17.40934,40.49226],[17.41333,40.49332],[17.42633,40.48114],[17.42624,40.47658]]]]},"properties":{"nome":"Grottaglie","prov":"TA","prov_nome":"Taranto","istat":"073008"}},{"type":"Feature","geometry":{"type":"Polygon","coordinates":[[[16.7868,40.73327],[16.77956,40.72907],[16.74895,40.71773],[16.73513,40.71102],[16.7249,40.71383],[16.70871,40.70542],[16.70448,40.71124],[16.69662,40.70208],[16.70909,40.69301],[16.7272,40.68838],[16.72565,40.6776],[16.71328,40.64205],[16.71014,40.63022],[16.71423,40.61428],[16.72397,40.60244],[16.72826,40.60142],[16.74238,40.60405],[16.75261,40.60164],[16.75357,40.59801],[16.76877,40.59423],[16.78504,40.58202],[16.78922,40.57202],[16.81287,40.5739],[16.82342,40.57636],[16.82665,40.57361],[16.83917,40.57957],[16.8576,40.58089],[16.86828,40.60021],[16.87262,40.61065],[16.86291,40.62216],[16.86458,40.63239],[16.85493,40.64072],[16.85102,40.65415],[16.8564,40.6598],[16.83618,40.66685],[16.84731,40.67398],[16.8299,40.67919],[16.83406,40.69316],[16.82077,40.68616],[16.81388,40.69313],[16.80007,40.69501],[16.79774,40.70466],[16.7868,40.73327]]]},"properties":{"nome":"Laterza","prov":"TA","prov_nome":"Taranto","istat":"073009"}},{"type":"Feature","geometry":{"type":"Polygon","coordinates":[[[17.34335,40.39025],[17.3327,40.39053],[17.33109,40.39537],[17.31989,40.39902],[17.30099,40.39578],[17.28832,40.39717],[17.28344,40.38401],[17.28492,40.37997],[17.29605,40.37889],[17.30839,40.36929],[17.32431,40.36171],[17.34013,40.36172],[17.33851,40.36736],[17.34624,40.37425],[17.34205,40.37948],[17.34335,40.39025]]]},"properties":{"nome":"Leporano","prov":"TA","prov_nome":"Taranto","istat":"073010"}},{"type":"Feature","geometry":{"type":"Polygon","coordinates":[[[17.45561,40.42086],[17.44309,40.4187],[17.4202,40.40726],[17.41605,40.38701],[17.40908,40.37704],[17.41186,40.36819],[17.43451,40.36621],[17.43938,40.35946],[17.4335,40.34835],[17.43223,40.33139],[17.44284,40.32981],[17.45284,40.32372],[17.45803,40.31698],[17.4691,40.3146],[17.47472,40.33038],[17.47161,40.33849],[17.47662,40.36073],[17.47786,40.37152],[17.4877,40.38542],[17.49154,40.38695],[17.48491,40.39752],[17.47037,40.41317],[17.45912,40.41379],[17.45561,40.42086]]]},"properties":{"nome":"Lizzano","prov":"TA","prov_nome":"Taranto","istat":"073011"}},{"type":"Feature","geometry":{"type":"Polygon","coordinates":[[[17.72862,40.39155],[17.72937,40.39463],[17.71866,40.40538],[17.71267,40.40822],[17.69392,40.41177],[17.68376,40.43072],[17.68264,40.44076],[17.67155,40.43982],[17.65214,40.45109],[17.63789,40.45331],[17.63514,40.45992],[17.6271,40.46186],[17.60182,40.46227],[17.59758,40.45993],[17.5838,40.4602],[17.58239,40.45638],[17.59023,40.44944],[17.57728,40.43851],[17.56541,40.44301],[17.54958,40.44649],[17.54635,40.43844],[17.57676,40.42237],[17.56912,40.41575],[17.56631,40.40677],[17.57477,40.40467],[17.57478,40.39142],[17.56781,40.37912],[17.56323,40.37662],[17.5602,40.36665],[17.56092,40.35371],[17.56364,40.34993],[17.58497,40.3403],[17.59368,40.33889],[17.60308,40.33328],[17.60667,40.3257],[17.61009,40.30053],[17.65703,40.30419],[17.69447,40.30364],[17.73547,40.29878],[17.74309,40.295],[17.76056,40.29752],[17.76386,40.29614],[17.76795,40.3116],[17.75705,40.31646],[17.72995,40.31361],[17.69787,40.31807],[17.69502,40.32076],[17.69553,40.33084],[17.70311,40.33395],[17.70435,40.34344],[17.68597,40.34507],[17.686,40.37164],[17.69002,40.38292],[17.69888,40.3857],[17.71068,40.3861],[17.72862,40.39155]]]},"properties":{"nome":"Manduria","prov":"TA","prov_nome":"Taranto","istat":"073012"}},{"type":"Feature","geometry":{"type":"Polygon","coordinates":[[[17.2033,40.75997],[17.19173,40.75213],[17.18587,40.74185],[17.16817,40.717],[17.16585,40.70931],[17.16806,40.70346],[17.18127,40.69726],[17.18631,40.68503],[17.17654,40.68425],[17.18244,40.68035],[17.17772,40.67471],[17.17298,40.66281],[17.17399,40.65911],[17.18487,40.65382],[17.1953,40.6488],[17.20771,40.63913],[17.22349,40.63724],[17.22749,40.63387],[17.2443,40.63773],[17.23964,40.64654],[17.24293,40.65037],[17.25194,40.65161],[17.26401,40.64949],[17.27673,40.6428],[17.27969,40.63547],[17.29484,40.62868],[17.2979,40.61936],[17.31164,40.61753],[17.32506,40.60977],[17.3344,40.61719],[17.34464,40.61298],[17.37207,40.61138],[17.38666,40.61991],[17.3946,40.62076],[17.40828,40.61883],[17.41393,40.61456],[17.41673,40.60174],[17.41036,40.59903],[17.41405,40.59131],[17.43022,40.59031],[17.42731,40.58125],[17.43168,40.57976],[17.44739,40.58351],[17.45332,40.58156],[17.45754,40.58101],[17.46454,40.59021],[17.4733,40.5958],[17.47339,40.61058],[17.45364,40.62091],[17.4386,40.62399],[17.42686,40.63432],[17.41879,40.67764],[17.42653,40.68426],[17.42575,40.68788],[17.414,40.68429],[17.40446,40.6885],[17.39675,40.695],[17.39158,40.70647],[17.38994,40.71708],[17.38562,40.72202],[17.37461,40.72294],[17.36596,40.72828],[17.34984,40.73289],[17.34977,40.74325],[17.35361,40.74859],[17.34105,40.74292],[17.34026,40.73927],[17.32303,40.74358],[17.3157,40.74094],[17.30682,40.74464],[17.28999,40.76235],[17.28298,40.76762],[17.28354,40.77372],[17.30107,40.77451],[17.28912,40.78213],[17.29587,40.78856],[17.30172,40.78456],[17.3104,40.7904],[17.30167,40.80208],[17.28727,40.8011],[17.28619,40.79764],[17.25081,40.80015],[17.24355,40.79887],[17.25059,40.77667],[17.25088,40.77059],[17.24611,40.76558],[17.23098,40.75806],[17.21775,40.76079],[17.2033,40.75997]]]},"properties":{"nome":"Martina Franca","prov":"TA","prov_nome":"Taranto","istat":"073013"}},{"type":"Feature","geometry":{"type":"Polygon","coordinates":[[[17.56092,40.35371],[17.55001,40.35876],[17.53959,40.35696],[17.532,40.35488],[17.51028,40.34339],[17.50899,40.33066],[17.50411,40.32528],[17.50191,40.31256],[17.50364,40.30253],[17.51016,40.29463],[17.53093,40.29507],[17.54793,40.29716],[17.61009,40.30053],[17.60667,40.3257],[17.60308,40.33328],[17.59368,40.33889],[17.58497,40.3403],[17.56364,40.34993],[17.56092,40.35371]]]},"properties":{"nome":"Maruggio","prov":"TA","prov_nome":"Taranto","istat":"073014"}},{"type":"Feature","geometry":{"type":"Polygon","coordinates":[[[17.18487,40.65382],[17.17399,40.65911],[17.17298,40.66281],[17.17772,40.67471],[17.18244,40.68035],[17.17654,40.68425],[17.16731,40.68488],[17.13987,40.68069],[17.12981,40.67618],[17.12107,40.66834],[17.11159,40.66801],[17.09619,40.6543],[17.08873,40.63971],[17.07527,40.62794],[17.07121,40.62112],[17.06944,40.60275],[17.06913,40.58118],[17.06546,40.56979],[17.05282,40.55657],[17.0507,40.54286],[17.05827,40.52799],[17.06124,40.51592],[17.0857,40.51987],[17.11296,40.51976],[17.12697,40.51771],[17.13564,40.53415],[17.12486,40.53772],[17.13417,40.54751],[17.1417,40.55209],[17.14598,40.55211],[17.15286,40.55999],[17.1516,40.56636],[17.15642,40.5733],[17.15545,40.57658],[17.16563,40.60077],[17.17889,40.60608],[17.17431,40.61016],[17.15721,40.61379],[17.15614,40.62318],[17.16173,40.62415],[17.17282,40.61862],[17.17815,40.62318],[17.1582,40.62602],[17.1543,40.62856],[17.15422,40.63952],[17.17411,40.64506],[17.18487,40.65382]]]},"properties":{"nome":"Massafra","prov":"TA","prov_nome":"Taranto","istat":"073015"}},{"type":"Feature","geometry":{"type":"Polygon","coordinates":[[[17.40934,40.49226],[17.40531,40.49888],[17.39659,40.50205],[17.39916,40.50786],[17.37149,40.51437],[17.3543,40.51401],[17.35406,40.50269],[17.3508,40.49529],[17.37164,40.49828],[17.37956,40.49241],[17.38797,40.49028],[17.39179,40.48379],[17.39778,40.48346],[17.40934,40.49226]]]},"properties":{"nome":"Monteiasi","prov":"TA","prov_nome":"Taranto","istat":"073016"}},{"type":"Feature","geometry":{"type":"Polygon","coordinates":[[[17.31522,40.55099],[17.31459,40.53877],[17.31607,40.53495],[17.32955,40.53155],[17.35566,40.55873],[17.3674,40.56647],[17.36322,40.57594],[17.35354,40.57746],[17.3492,40.5913],[17.3275,40.59179],[17.31865,40.58418],[17.33042,40.56104],[17.32098,40.55263],[17.31522,40.55099]]]},"properties":{"nome":"Montemesola","prov":"TA","prov_nome":"Taranto","istat":"073017"}},{"type":"Feature","geometry":{"type":"Polygon","coordinates":[[[17.39947,40.45833],[17.39966,40.45622],[17.40321,40.45455],[17.40224,40.44125],[17.41332,40.43894],[17.42551,40.44577],[17.43092,40.45395],[17.40614,40.45861],[17.39947,40.45833]]]},"properties":{"nome":"Monteparano","prov":"TA","prov_nome":"Taranto","istat":"073018"}},{"type":"Feature","geometry":{"type":"Polygon","coordinates":[[[17.20308,40.76092],[17.20128,40.76167],[17.16238,40.74477],[17.15605,40.73988],[17.14949,40.71076],[17.1249,40.70708],[17.11616,40.70819],[17.11296,40.71354],[17.10166,40.71446],[17.09647,40.70883],[17.0869,40.7109],[17.08811,40.71646],[17.08262,40.71984],[17.06296,40.7211],[17.03369,40.71207],[17.02257,40.71308],[17.00095,40.7314],[17.01885,40.75001],[17.01545,40.75982],[17.0059,40.75464],[16.97153,40.74133],[16.95049,40.74314],[16.93754,40.74155],[16.92593,40.73683],[16.92306,40.726],[16.93071,40.71286],[16.93032,40.70257],[16.93501,40.69432],[16.94099,40.67597],[16.932,40.6723],[16.93027,40.66672],[16.93489,40.65974],[16.93288,40.64431],[16.93642,40.63431],[16.94346,40.62998],[16.95596,40.62658],[16.96676,40.62785],[16.981,40.62422],[16.98438,40.61824],[16.98761,40.60371],[17.0083,40.60313],[17.03832,40.6048],[17.06944,40.60275],[17.07121,40.62112],[17.07527,40.62794],[17.08873,40.63971],[17.09619,40.6543],[17.11159,40.66801],[17.12107,40.66834],[17.12981,40.67618],[17.13987,40.68069],[17.16731,40.68488],[17.17654,40.68425],[17.18631,40.68503],[17.18127,40.69726],[17.16806,40.70346],[17.16585,40.70931],[17.16817,40.717],[17.18587,40.74185],[17.19173,40.75213],[17.2033,40.75997],[17.20308,40.76092]]]},"properties":{"nome":"Mottola","prov":"TA","prov_nome":"Taranto","istat":"073019"}},{"type":"Feature","geometry":{"type":"Polygon","coordinates":[[[16.95728,40.5031],[16.95712,40.51041],[16.99089,40.52722],[16.99315,40.53087],[16.99719,40.55124],[16.99441,40.57375],[16.9906,40.58287],[16.98761,40.60371],[16.98438,40.61824],[16.981,40.62422],[16.96676,40.62785],[16.95596,40.62658],[16.94346,40.62998],[16.94626,40.59488],[16.96065,40.57268],[16.95737,40.54749],[16.94773,40.52951],[16.93579,40.5225],[16.9322,40.51712],[16.93626,40.51268],[16.95059,40.5036],[16.95728,40.5031]]]},"properties":{"nome":"Palagianello","prov":"TA","prov_nome":"Taranto","istat":"073020"}},{"type":"Feature","geometry":{"type":"Polygon","coordinates":[[[16.99312,40.49378],[17.02593,40.50693],[17.06124,40.51592],[17.05827,40.52799],[17.0507,40.54286],[17.05282,40.55657],[17.06546,40.56979],[17.06913,40.58118],[17.06944,40.60275],[17.03832,40.6048],[17.0083,40.60313],[16.98761,40.60371],[16.9906,40.58287],[16.99441,40.57375],[16.99719,40.55124],[16.99315,40.53087],[16.99089,40.52722],[16.95712,40.51041],[16.95728,40.5031],[16.96275,40.50344],[16.9719,40.49823],[16.99312,40.49378]]]},"properties":{"nome":"Palagiano","prov":"TA","prov_nome":"Taranto","istat":"073021"}},{"type":"Feature","geometry":{"type":"Polygon","coordinates":[[[17.35362,40.40396],[17.34627,40.40687],[17.34335,40.39025],[17.34205,40.37948],[17.34624,40.37425],[17.33851,40.36736],[17.34013,40.36172],[17.34877,40.35492],[17.37548,40.34808],[17.38616,40.33734],[17.39239,40.35475],[17.38636,40.36231],[17.38184,40.37365],[17.38213,40.37975],[17.38772,40.38878],[17.3811,40.39352],[17.36895,40.39624],[17.3694,40.38947],[17.36151,40.38953],[17.35794,40.3968],[17.35635,40.39686],[17.35451,40.3966],[17.35362,40.40396]]]},"properties":{"nome":"Pulsano","prov":"TA","prov_nome":"Taranto","istat":"073022"}},{"type":"Feature","geometry":{"type":"Polygon","coordinates":[[[17.38951,40.4313],[17.39656,40.42435],[17.41016,40.42942],[17.4183,40.43575],[17.4331,40.43013],[17.43425,40.43658],[17.42552,40.44033],[17.42551,40.44577],[17.41332,40.43894],[17.40224,40.44125],[17.40321,40.45455],[17.39966,40.45622],[17.39979,40.44745],[17.37906,40.44108],[17.37561,40.43858],[17.37892,40.43082],[17.38951,40.4313]]]},"properties":{"nome":"Roccaforzata","prov":"TA","prov_nome":"Taranto","istat":"073023"}},{"type":"Feature","geometry":{"type":"Polygon","coordinates":[[[17.39179,40.48379],[17.38797,40.49028],[17.37956,40.49241],[17.37164,40.49828],[17.3508,40.49529],[17.35288,40.48574],[17.34565,40.47958],[17.33281,40.47508],[17.33316,40.47003],[17.34021,40.46234],[17.34105,40.44859],[17.34644,40.44792],[17.37036,40.44577],[17.37561,40.43858],[17.37906,40.44108],[17.39979,40.44745],[17.39966,40.45622],[17.39947,40.45833],[17.3903,40.46147],[17.38741,40.46749],[17.39179,40.48379]]]},"properties":{"nome":"San Giorgio Ionico","prov":"TA","prov_nome":"Taranto","istat":"073024"}},{"type":"Feature","geometry":{"type":"Polygon","coordinates":[[[17.50702,40.42913],[17.52694,40.426],[17.5433,40.44056],[17.52386,40.45476],[17.5199,40.46062],[17.51779,40.47309],[17.51027,40.47883],[17.48699,40.48216],[17.48592,40.47218],[17.47175,40.46403],[17.47044,40.45679],[17.48121,40.45622],[17.49097,40.45304],[17.49523,40.44799],[17.49541,40.44015],[17.50702,40.42913]]]},"properties":{"nome":"San Marzano di San Giuseppe","prov":"TA","prov_nome":"Taranto","istat":"073025"}},{"type":"Feature","geometry":{"type":"Polygon","coordinates":[[[17.48491,40.39752],[17.49154,40.38695],[17.49547,40.37996],[17.51904,40.37169],[17.52416,40.36461],[17.5329,40.36309],[17.53959,40.35696],[17.55001,40.35876],[17.56092,40.35371],[17.5602,40.36665],[17.56323,40.37662],[17.56781,40.37912],[17.57478,40.39142],[17.57477,40.40467],[17.56631,40.40677],[17.56912,40.41575],[17.57676,40.42237],[17.54635,40.43844],[17.5433,40.44056],[17.52694,40.426],[17.50702,40.42913],[17.50798,40.42495],[17.50042,40.40386],[17.48491,40.39752]]]},"properties":{"nome":"Sava","prov":"TA","prov_nome":"Taranto","istat":"073026"}},{"type":"Feature","geometry":{"type":"MultiPolygon","coordinates":[[[[17.16064,40.45375],[17.14588,40.45078],[17.15721,40.44474],[17.16699,40.44807],[17.16064,40.45375]]],[[[17.47044,40.45679],[17.47175,40.46403],[17.4595,40.46113],[17.47044,40.45679]]],[[[17.43092,40.45395],[17.42551,40.44577],[17.42552,40.44033],[17.43425,40.43658],[17.4331,40.43013],[17.4183,40.43575],[17.41016,40.42942],[17.39656,40.42435],[17.38951,40.4313],[17.39977,40.41385],[17.40932,40.40688],[17.40874,40.39321],[17.41229,40.39118],[17.40881,40.38246],[17.38213,40.37975],[17.38184,40.37365],[17.38636,40.36231],[17.39239,40.35475],[17.38616,40.33734],[17.39564,40.33226],[17.42719,40.33248],[17.43223,40.33139],[17.4335,40.34835],[17.43938,40.35946],[17.43451,40.36621],[17.41186,40.36819],[17.40908,40.37704],[17.41605,40.38701],[17.4202,40.40726],[17.44309,40.4187],[17.45561,40.42086],[17.45502,40.43771],[17.44637,40.45057],[17.45422,40.45487],[17.45256,40.46105],[17.45228,40.46867],[17.44704,40.47626],[17.43896,40.48068],[17.42624,40.47658],[17.43143,40.46176],[17.43092,40.45395]]],[[[17.35794,40.3968],[17.36151,40.38953],[17.3694,40.38947],[17.36895,40.39624],[17.36516,40.40797],[17.37156,40.41594],[17.37111,40.42183],[17.35842,40.42859],[17.34868,40.42821],[17.34015,40.44354],[17.34644,40.44792],[17.34105,40.44859],[17.34021,40.46234],[17.33316,40.47003],[17.33281,40.47508],[17.34565,40.47958],[17.35288,40.48574],[17.3508,40.49529],[17.35406,40.50269],[17.3543,40.51401],[17.34716,40.51979],[17.35299,40.52915],[17.35978,40.52923],[17.37027,40.54085],[17.38196,40.55003],[17.3709,40.55835],[17.35566,40.55873],[17.32955,40.53155],[17.31607,40.53495],[17.31459,40.53877],[17.30002,40.53815],[17.29246,40.54004],[17.28258,40.53862],[17.27545,40.53224],[17.26655,40.53326],[17.25445,40.53761],[17.24661,40.53722],[17.2446,40.52574],[17.24032,40.52102],[17.22714,40.51803],[17.21679,40.53604],[17.21028,40.53443],[17.21364,40.52576],[17.19055,40.51871],[17.18172,40.51868],[17.14758,40.54604],[17.1417,40.55209],[17.13417,40.54751],[17.12486,40.53772],[17.13564,40.53415],[17.12697,40.51771],[17.14583,40.50991],[17.1493,40.50522],[17.14703,40.49506],[17.16264,40.50611],[17.17713,40.49002],[17.18187,40.48177],[17.19208,40.477],[17.2109,40.47713],[17.22664,40.47952],[17.24916,40.45881],[17.25039,40.44254],[17.24108,40.43055],[17.23048,40.42398],[17.21165,40.42291],[17.20246,40.41378],[17.20576,40.40851],[17.22282,40.40888],[17.23519,40.40135],[17.27614,40.38555],[17.28492,40.37997],[17.28344,40.38401],[17.28832,40.39717],[17.30099,40.39578],[17.31989,40.39902],[17.33109,40.39537],[17.3327,40.39053],[17.34335,40.39025],[17.34627,40.40687],[17.35362,40.40396],[17.35427,40.40831],[17.36467,40.40804],[17.35794,40.3968]]],[[[17.45332,40.58156],[17.44739,40.58351],[17.43168,40.57976],[17.43269,40.57676],[17.45174,40.56515],[17.45301,40.56768],[17.45332,40.58156]]],[[[17.42731,40.58125],[17.43022,40.59031],[17.41405,40.59131],[17.4092,40.58683],[17.41617,40.58267],[17.42731,40.58125]]]]},"properties":{"nome":"Taranto","prov":"TA","prov_nome":"Taranto","istat":"073027"}},{"type":"Feature","geometry":{"type":"Polygon","coordinates":[[[17.4691,40.3146],[17.49477,40.30996],[17.50364,40.30253],[17.50191,40.31256],[17.50411,40.32528],[17.50899,40.33066],[17.51028,40.34339],[17.532,40.35488],[17.53959,40.35696],[17.5329,40.36309],[17.52416,40.36461],[17.51904,40.37169],[17.49547,40.37996],[17.49154,40.38695],[17.4877,40.38542],[17.47786,40.37152],[17.47662,40.36073],[17.47161,40.33849],[17.47472,40.33038],[17.4691,40.3146]]]},"properties":{"nome":"Torricella","prov":"TA","prov_nome":"Taranto","istat":"073028"}},{"type":"Feature","geometry":{"type":"Polygon","coordinates":[[[17.15642,40.5733],[17.1516,40.56636],[17.15286,40.55999],[17.14598,40.55211],[17.1417,40.55209],[17.14758,40.54604],[17.18172,40.51868],[17.19055,40.51871],[17.21364,40.52576],[17.21028,40.53443],[17.21679,40.53604],[17.22714,40.51803],[17.24032,40.52102],[17.2446,40.52574],[17.24661,40.53722],[17.25445,40.53761],[17.26655,40.53326],[17.27545,40.53224],[17.28258,40.53862],[17.29246,40.54004],[17.30002,40.53815],[17.31459,40.53877],[17.31522,40.55099],[17.3006,40.55957],[17.30072,40.56652],[17.28831,40.57019],[17.27283,40.56941],[17.25021,40.57549],[17.24398,40.57838],[17.22683,40.58165],[17.20731,40.5817],[17.19587,40.57696],[17.17443,40.57195],[17.15642,40.5733]]]},"properties":{"nome":"Statte","prov":"TA","prov_nome":"Taranto","istat":"073029"}},{"type":"Feature","geometry":{"type":"Polygon","coordinates":[[[18.04227,40.55856],[18.03501,40.56884],[18.03541,40.57524],[18.04168,40.58396],[18.04484,40.59763],[18.03428,40.60571],[18.02092,40.61849],[18.01388,40.63362],[18.01687,40.63973],[18.00656,40.64312],[17.99861,40.64903],[17.99076,40.64993],[17.9821,40.64407],[17.96911,40.64949],[17.93303,40.63905],[17.93076,40.64251],[17.94617,40.64423],[17.96031,40.65506],[17.97643,40.663],[17.95383,40.66395],[17.94729,40.66937],[17.94195,40.682],[17.92582,40.67946],[17.8965,40.68244],[17.84348,40.69012],[17.81402,40.7015],[17.80115,40.70829],[17.79325,40.70233],[17.77878,40.70048],[17.77431,40.66942],[17.76593,40.65153],[17.75371,40.64764],[17.75233,40.64453],[17.75201,40.63131],[17.74059,40.62666],[17.74926,40.62122],[17.7508,40.60445],[17.76303,40.60144],[17.76995,40.60221],[17.77516,40.60737],[17.78714,40.60992],[17.80561,40.60102],[17.81695,40.59849],[17.82363,40.58721],[17.843,40.59113],[17.8485,40.58429],[17.84823,40.56592],[17.84551,40.55925],[17.86267,40.55265],[17.86543,40.53783],[17.88188,40.52589],[17.87667,40.51988],[17.8751,40.50887],[17.87131,40.49934],[17.85257,40.4968],[17.85982,40.4814],[17.87849,40.47828],[17.87973,40.48651],[17.88397,40.49052],[17.90078,40.50008],[17.92867,40.5087],[17.95553,40.51803],[17.96755,40.52489],[17.97671,40.53283],[17.98568,40.5369],[17.99348,40.54435],[18.02241,40.55007],[18.04227,40.55856]]]},"properties":{"nome":"Brindisi","prov":"BR","prov_nome":"Brindisi","istat":"074001"}},{"type":"Feature","geometry":{"type":"Polygon","coordinates":[[[17.80115,40.70829],[17.7986,40.71472],[17.77469,40.72054],[17.74845,40.73307],[17.73261,40.74495],[17.70863,40.75762],[17.67688,40.76867],[17.67169,40.75982],[17.66699,40.7604],[17.65972,40.75341],[17.65226,40.73689],[17.64539,40.72688],[17.63305,40.72267],[17.63051,40.7138],[17.63186,40.68939],[17.62405,40.68247],[17.63035,40.67762],[17.62682,40.67275],[17.63091,40.66724],[17.64325,40.66588],[17.64473,40.65391],[17.65143,40.65206],[17.65734,40.65201],[17.66505,40.66189],[17.68763,40.66764],[17.70007,40.67484],[17.70658,40.68181],[17.70647,40.68971],[17.71227,40.69354],[17.73037,40.69109],[17.76591,40.6842],[17.76077,40.6792],[17.74914,40.67533],[17.74494,40.66184],[17.75233,40.64453],[17.75371,40.64764],[17.76593,40.65153],[17.77431,40.66942],[17.77878,40.70048],[17.79325,40.70233],[17.80115,40.70829]]]},"properties":{"nome":"Carovigno","prov":"BR","prov_nome":"Brindisi","istat":"074002"}},{"type":"Feature","geometry":{"type":"Polygon","coordinates":[[[17.47339,40.61058],[17.50741,40.59628],[17.51754,40.5951],[17.54084,40.59655],[17.5722,40.60104],[17.59226,40.60585],[17.60569,40.60771],[17.61315,40.62568],[17.61824,40.63169],[17.62706,40.63287],[17.62517,40.64389],[17.63457,40.64799],[17.63198,40.65418],[17.61211,40.65766],[17.59925,40.65597],[17.58043,40.65006],[17.57235,40.66108],[17.54909,40.66876],[17.54035,40.66987],[17.53851,40.67583],[17.52781,40.68082],[17.51255,40.67834],[17.49664,40.69432],[17.48461,40.68851],[17.45972,40.69526],[17.43064,40.69644],[17.42575,40.68788],[17.42653,40.68426],[17.41879,40.67764],[17.42686,40.63432],[17.4386,40.62399],[17.45364,40.62091],[17.47339,40.61058]]]},"properties":{"nome":"Ceglie Messapica","prov":"BR","prov_nome":"Brindisi","istat":"074003"}},{"type":"Feature","geometry":{"type":"Polygon","coordinates":[[[17.87849,40.47828],[17.89259,40.47353],[17.9002,40.46841],[17.91193,40.46517],[17.93151,40.46759],[17.93745,40.46633],[17.95331,40.45762],[17.95545,40.45683],[17.97553,40.45458],[17.97846,40.45653],[17.99095,40.46502],[17.95948,40.50558],[17.95553,40.51803],[17.92867,40.5087],[17.90078,40.50008],[17.88397,40.49052],[17.87973,40.48651],[17.87849,40.47828]]]},"properties":{"nome":"Cellino San Marco","prov":"BR","prov_nome":"Brindisi","istat":"074004"}},{"type":"Feature","geometry":{"type":"Polygon","coordinates":[[[17.35361,40.74859],[17.34977,40.74325],[17.34984,40.73289],[17.36596,40.72828],[17.38702,40.73813],[17.39342,40.73237],[17.40275,40.71984],[17.41241,40.72611],[17.42093,40.7272],[17.43885,40.72263],[17.44733,40.71543],[17.45472,40.71358],[17.47419,40.71964],[17.46888,40.72731],[17.47063,40.73392],[17.48656,40.74102],[17.49319,40.73801],[17.4971,40.74293],[17.49103,40.75043],[17.47625,40.76088],[17.4607,40.76239],[17.45644,40.77424],[17.44944,40.77902],[17.44548,40.77156],[17.4366,40.77282],[17.42538,40.78537],[17.43188,40.79211],[17.43216,40.79717],[17.42279,40.79842],[17.40663,40.79212],[17.39789,40.77855],[17.39425,40.77235],[17.38735,40.77095],[17.39448,40.75021],[17.39077,40.74755],[17.37493,40.7504],[17.36299,40.74814],[17.35361,40.74859]]]},"properties":{"nome":"Cisternino","prov":"BR","prov_nome":"Brindisi","istat":"074005"}},{"type":"Feature","geometry":{"type":"Polygon","coordinates":[[[17.77153,40.39698],[17.78047,40.40281],[17.78372,40.41443],[17.78349,40.43951],[17.76617,40.44124],[17.75015,40.45004],[17.72241,40.44884],[17.71025,40.45694],[17.70449,40.46308],[17.69302,40.46206],[17.6995,40.44906],[17.68264,40.44076],[17.68376,40.43072],[17.69392,40.41177],[17.71267,40.40822],[17.71866,40.40538],[17.72937,40.39463],[17.72862,40.39155],[17.77153,40.39698]]]},"properties":{"nome":"Erchie","prov":"BR","prov_nome":"Brindisi","istat":"074006"}},{"type":"Feature","geometry":{"type":"Polygon","coordinates":[[[17.31016,40.81092],[17.333,40.80681],[17.36491,40.78636],[17.37615,40.78762],[17.39859,40.78568],[17.39789,40.77855],[17.40663,40.79212],[17.42279,40.79842],[17.43216,40.79717],[17.43188,40.79211],[17.42538,40.78537],[17.4366,40.77282],[17.44548,40.77156],[17.44944,40.77902],[17.45644,40.77424],[17.4607,40.76239],[17.47625,40.76088],[17.48486,40.78444],[17.50134,40.80611],[17.50934,40.8063],[17.51502,40.81439],[17.47281,40.83221],[17.46561,40.84386],[17.45091,40.85219],[17.4365,40.85765],[17.42186,40.86575],[17.41054,40.87407],[17.38921,40.89225],[17.37029,40.88554],[17.35474,40.87682],[17.34667,40.86905],[17.33907,40.85846],[17.32155,40.84306],[17.31206,40.84101],[17.31044,40.829],[17.29774,40.82012],[17.29572,40.817],[17.31016,40.81092]]]},"properties":{"nome":"Fasano","prov":"BR","prov_nome":"Brindisi","istat":"074007"}},{"type":"Feature","geometry":{"type":"Polygon","coordinates":[[[17.48699,40.48216],[17.51027,40.47883],[17.51779,40.47309],[17.5199,40.46062],[17.52386,40.45476],[17.5433,40.44056],[17.54635,40.43844],[17.54958,40.44649],[17.56541,40.44301],[17.57728,40.43851],[17.59023,40.44944],[17.58239,40.45638],[17.5838,40.4602],[17.58329,40.47614],[17.59593,40.4873],[17.59868,40.49398],[17.61561,40.49995],[17.61453,40.50791],[17.62408,40.51476],[17.62063,40.52264],[17.6225,40.5272],[17.63091,40.52941],[17.65058,40.5314],[17.65463,40.53561],[17.6667,40.53988],[17.66079,40.56016],[17.67131,40.56059],[17.66435,40.57128],[17.64694,40.56954],[17.62811,40.57438],[17.62679,40.58087],[17.6179,40.59196],[17.60437,40.59343],[17.60569,40.60771],[17.59226,40.60585],[17.5722,40.60104],[17.54084,40.59655],[17.51754,40.5951],[17.50741,40.59628],[17.5051,40.58722],[17.50505,40.57491],[17.51099,40.54632],[17.50449,40.54093],[17.50367,40.53364],[17.48464,40.53371],[17.48798,40.52322],[17.4648,40.52215],[17.47204,40.50985],[17.47963,40.50337],[17.48699,40.48216]]]},"properties":{"nome":"Francavilla Fontana","prov":"BR","prov_nome":"Brindisi","istat":"074008"}},{"type":"Feature","geometry":{"type":"Polygon","coordinates":[[[17.7508,40.60445],[17.7444,40.60553],[17.73249,40.60074],[17.71459,40.6],[17.70493,40.61639],[17.69317,40.62288],[17.67908,40.62683],[17.67718,40.61718],[17.67187,40.60813],[17.67527,40.60022],[17.67084,40.58969],[17.67547,40.5838],[17.67396,40.57877],[17.66435,40.57128],[17.67131,40.56059],[17.67434,40.55148],[17.66972,40.5339],[17.66992,40.52647],[17.67799,40.51938],[17.70845,40.53363],[17.72249,40.53864],[17.7361,40.54573],[17.73051,40.55635],[17.73397,40.55817],[17.74998,40.55835],[17.74078,40.5701],[17.74715,40.58645],[17.75513,40.59066],[17.76303,40.60144],[17.7508,40.60445]]]},"properties":{"nome":"Latiano","prov":"BR","prov_nome":"Brindisi","istat":"074009"}},{"type":"Feature","geometry":{"type":"Polygon","coordinates":[[[17.76303,40.60144],[17.75513,40.59066],[17.74715,40.58645],[17.74078,40.5701],[17.74998,40.55835],[17.73397,40.55817],[17.73051,40.55635],[17.7361,40.54573],[17.72249,40.53864],[17.72646,40.53157],[17.74608,40.53055],[17.74975,40.51967],[17.76868,40.52414],[17.77208,40.53063],[17.78312,40.52871],[17.78756,40.52177],[17.78712,40.51525],[17.78192,40.50607],[17.77857,40.4931],[17.78073,40.469],[17.78992,40.47023],[17.79299,40.46404],[17.8064,40.45662],[17.80808,40.4681],[17.81701,40.47706],[17.82523,40.47697],[17.83807,40.47257],[17.84725,40.47167],[17.85106,40.48222],[17.85982,40.4814],[17.85257,40.4968],[17.87131,40.49934],[17.8751,40.50887],[17.87667,40.51988],[17.88188,40.52589],[17.86543,40.53783],[17.86267,40.55265],[17.84551,40.55925],[17.84823,40.56592],[17.8485,40.58429],[17.843,40.59113],[17.82363,40.58721],[17.81695,40.59849],[17.80561,40.60102],[17.78714,40.60992],[17.77516,40.60737],[17.76995,40.60221],[17.76303,40.60144]]]},"properties":{"nome":"Mesagne","prov":"BR","prov_nome":"Brindisi","istat":"074010"}},{"type":"Feature","geometry":{"type":"Polygon","coordinates":[[[17.68264,40.44076],[17.6995,40.44906],[17.69302,40.46206],[17.70449,40.46308],[17.6992,40.4675],[17.70187,40.47645],[17.71005,40.48231],[17.71556,40.49361],[17.72984,40.49544],[17.72714,40.51033],[17.71312,40.51369],[17.71257,40.52599],[17.72523,40.52739],[17.72646,40.53157],[17.72249,40.53864],[17.70845,40.53363],[17.67799,40.51938],[17.66992,40.52647],[17.66972,40.5339],[17.67434,40.55148],[17.67131,40.56059],[17.66079,40.56016],[17.6667,40.53988],[17.65463,40.53561],[17.65058,40.5314],[17.63091,40.52941],[17.6225,40.5272],[17.62063,40.52264],[17.62408,40.51476],[17.61453,40.50791],[17.61561,40.49995],[17.59868,40.49398],[17.59593,40.4873],[17.58329,40.47614],[17.5838,40.4602],[17.59758,40.45993],[17.60182,40.46227],[17.6271,40.46186],[17.63514,40.45992],[17.63789,40.45331],[17.65214,40.45109],[17.67155,40.43982],[17.68264,40.44076]]]},"properties":{"nome":"Oria","prov":"BR","prov_nome":"Brindisi","istat":"074011"}},{"type":"Feature","geometry":{"type":"Polygon","coordinates":[[[17.42575,40.68788],[17.43064,40.69644],[17.45972,40.69526],[17.48461,40.68851],[17.49664,40.69432],[17.51255,40.67834],[17.52781,40.68082],[17.53851,40.67583],[17.54035,40.66987],[17.54909,40.66876],[17.57235,40.66108],[17.58043,40.65006],[17.59925,40.65597],[17.61211,40.65766],[17.63198,40.65418],[17.63457,40.64799],[17.64626,40.64484],[17.65143,40.65206],[17.64473,40.65391],[17.64325,40.66588],[17.63091,40.66724],[17.62682,40.67275],[17.63035,40.67762],[17.62405,40.68247],[17.63186,40.68939],[17.63051,40.7138],[17.63305,40.72267],[17.64539,40.72688],[17.65226,40.73689],[17.65972,40.75341],[17.66699,40.7604],[17.67169,40.75982],[17.67688,40.76867],[17.66924,40.76997],[17.62264,40.78318],[17.60143,40.78711],[17.56592,40.79771],[17.55235,40.80036],[17.54538,40.80411],[17.51502,40.81439],[17.50934,40.8063],[17.50134,40.80611],[17.48486,40.78444],[17.47625,40.76088],[17.49103,40.75043],[17.4971,40.74293],[17.49319,40.73801],[17.48656,40.74102],[17.47063,40.73392],[17.46888,40.72731],[17.47419,40.71964],[17.45472,40.71358],[17.44733,40.71543],[17.43885,40.72263],[17.42093,40.7272],[17.41241,40.72611],[17.40275,40.71984],[17.39342,40.73237],[17.38702,40.73813],[17.36596,40.72828],[17.37461,40.72294],[17.38562,40.72202],[17.38994,40.71708],[17.39158,40.70647],[17.39675,40.695],[17.40446,40.6885],[17.414,40.68429],[17.42575,40.68788]]]},"properties":{"nome":"Ostuni","prov":"BR","prov_nome":"Brindisi","istat":"074012"}},{"type":"Feature","geometry":{"type":"Polygon","coordinates":[[[17.85982,40.4814],[17.85106,40.48222],[17.84725,40.47167],[17.83807,40.47257],[17.84609,40.46204],[17.85717,40.45432],[17.87016,40.45662],[17.87318,40.44867],[17.8831,40.43727],[17.88476,40.42622],[17.89453,40.42328],[17.92612,40.42638],[17.93559,40.42887],[17.93952,40.43989],[17.95331,40.45762],[17.93745,40.46633],[17.93151,40.46759],[17.91193,40.46517],[17.9002,40.46841],[17.89259,40.47353],[17.87849,40.47828],[17.85982,40.4814]]]},"properties":{"nome":"San Donaci","prov":"BR","prov_nome":"Brindisi","istat":"074013"}},{"type":"Feature","geometry":{"type":"Polygon","coordinates":[[[17.60569,40.60771],[17.60437,40.59343],[17.6179,40.59196],[17.62679,40.58087],[17.62811,40.57438],[17.64694,40.56954],[17.66435,40.57128],[17.67396,40.57877],[17.67547,40.5838],[17.67084,40.58969],[17.66289,40.59071],[17.64619,40.58751],[17.63411,40.59164],[17.64985,40.61296],[17.65918,40.62328],[17.65641,40.63184],[17.64824,40.63437],[17.64626,40.64484],[17.63457,40.64799],[17.62517,40.64389],[17.62706,40.63287],[17.61824,40.63169],[17.61315,40.62568],[17.60569,40.60771]]]},"properties":{"nome":"San Michele Salentino","prov":"BR","prov_nome":"Brindisi","istat":"074014"}},{"type":"Feature","geometry":{"type":"Polygon","coordinates":[[[17.79833,40.37965],[17.82138,40.3992],[17.82254,40.40342],[17.84652,40.40868],[17.8648,40.41556],[17.87903,40.41644],[17.88638,40.42266],[17.89453,40.42328],[17.88476,40.42622],[17.8831,40.43727],[17.87318,40.44867],[17.87016,40.45662],[17.85717,40.45432],[17.84609,40.46204],[17.83807,40.47257],[17.82523,40.47697],[17.81701,40.47706],[17.80808,40.4681],[17.8064,40.45662],[17.79299,40.46404],[17.78901,40.45545],[17.79606,40.44542],[17.79347,40.44137],[17.78349,40.43951],[17.78372,40.41443],[17.78047,40.40281],[17.77153,40.39698],[17.77758,40.38817],[17.7896,40.39137],[17.79745,40.38501],[17.79833,40.37965]]]},"properties":{"nome":"San Pancrazio Salentino","prov":"BR","prov_nome":"Brindisi","istat":"074015"}},{"type":"Feature","geometry":{"type":"Polygon","coordinates":[[[17.95553,40.51803],[17.95948,40.50558],[17.99095,40.46502],[18.00315,40.46873],[18.01944,40.46383],[18.02662,40.46856],[18.02655,40.47738],[18.03134,40.48168],[18.02001,40.48893],[18.00967,40.51061],[18.02083,40.52368],[18.0297,40.52179],[18.04548,40.52336],[18.07228,40.53988],[18.05499,40.54862],[18.04227,40.55856],[18.02241,40.55007],[17.99348,40.54435],[17.98568,40.5369],[17.97671,40.53283],[17.96755,40.52489],[17.95553,40.51803]]]},"properties":{"nome":"San Pietro Vernotico","prov":"BR","prov_nome":"Brindisi","istat":"074016"}},{"type":"Feature","geometry":{"type":"Polygon","coordinates":[[[17.75233,40.64453],[17.74494,40.66184],[17.74914,40.67533],[17.76077,40.6792],[17.76591,40.6842],[17.73037,40.69109],[17.71227,40.69354],[17.70647,40.68971],[17.70658,40.68181],[17.70007,40.67484],[17.68763,40.66764],[17.66505,40.66189],[17.65734,40.65201],[17.65143,40.65206],[17.64626,40.64484],[17.64824,40.63437],[17.65641,40.63184],[17.65918,40.62328],[17.64985,40.61296],[17.63411,40.59164],[17.64619,40.58751],[17.66289,40.59071],[17.67084,40.58969],[17.67527,40.60022],[17.67187,40.60813],[17.67718,40.61718],[17.67908,40.62683],[17.69317,40.62288],[17.70493,40.61639],[17.71459,40.6],[17.73249,40.60074],[17.7444,40.60553],[17.7508,40.60445],[17.74926,40.62122],[17.74059,40.62666],[17.75201,40.63131],[17.75233,40.64453]]]},"properties":{"nome":"San Vito dei Normanni","prov":"BR","prov_nome":"Brindisi","istat":"074017"}},{"type":"Feature","geometry":{"type":"Polygon","coordinates":[[[18.03134,40.48168],[18.04006,40.48783],[18.04981,40.47387],[18.05658,40.47707],[18.05968,40.46679],[18.06911,40.46042],[18.07529,40.46451],[18.07419,40.47586],[18.05889,40.47965],[18.07112,40.48742],[18.07433,40.47631],[18.08103,40.48712],[18.08023,40.49152],[18.07978,40.49211],[18.0894,40.50645],[18.09737,40.51537],[18.07978,40.52633],[18.076,40.53702],[18.07228,40.53988],[18.04548,40.52336],[18.0297,40.52179],[18.02083,40.52368],[18.00967,40.51061],[18.02001,40.48893],[18.03134,40.48168]]]},"properties":{"nome":"Torchiarolo","prov":"BR","prov_nome":"Brindisi","istat":"074018"}},{"type":"Feature","geometry":{"type":"Polygon","coordinates":[[[17.78349,40.43951],[17.79347,40.44137],[17.79606,40.44542],[17.78901,40.45545],[17.79299,40.46404],[17.78992,40.47023],[17.78073,40.469],[17.77857,40.4931],[17.78192,40.50607],[17.78712,40.51525],[17.78756,40.52177],[17.78312,40.52871],[17.77208,40.53063],[17.76868,40.52414],[17.74975,40.51967],[17.74608,40.53055],[17.72646,40.53157],[17.72523,40.52739],[17.71257,40.52599],[17.71312,40.51369],[17.72714,40.51033],[17.72984,40.49544],[17.71556,40.49361],[17.71005,40.48231],[17.70187,40.47645],[17.6992,40.4675],[17.70449,40.46308],[17.71025,40.45694],[17.72241,40.44884],[17.75015,40.45004],[17.76617,40.44124],[17.78349,40.43951]]]},"properties":{"nome":"Torre Santa Susanna","prov":"BR","prov_nome":"Brindisi","istat":"074019"}},{"type":"Feature","geometry":{"type":"Polygon","coordinates":[[[17.45301,40.56768],[17.45174,40.56515],[17.4483,40.55494],[17.45223,40.54262],[17.46087,40.5334],[17.4648,40.52215],[17.48798,40.52322],[17.48464,40.53371],[17.50367,40.53364],[17.50449,40.54093],[17.51099,40.54632],[17.50505,40.57491],[17.5051,40.58722],[17.50741,40.59628],[17.47339,40.61058],[17.4733,40.5958],[17.46454,40.59021],[17.45754,40.58101],[17.45301,40.56768]]]},"properties":{"nome":"Villa Castelli","prov":"BR","prov_nome":"Brindisi","istat":"074020"}},{"type":"Feature","geometry":{"type":"Polygon","coordinates":[[[18.34176,39.90819],[18.33409,39.90962],[18.32767,39.91738],[18.32084,39.92022],[18.31634,39.91625],[18.30545,39.91693],[18.29034,39.91459],[18.28071,39.91676],[18.27993,39.90423],[18.28848,39.89244],[18.29263,39.88293],[18.30664,39.87861],[18.31484,39.87893],[18.32456,39.87558],[18.32447,39.872],[18.34029,39.86484],[18.33981,39.86169],[18.34397,39.85904],[18.34849,39.86769],[18.35825,39.87055],[18.36884,39.8636],[18.38804,39.86397],[18.39171,39.86064],[18.39313,39.86835],[18.37446,39.87001],[18.35636,39.88711],[18.35871,39.8949],[18.34672,39.89398],[18.34176,39.90819]]]},"properties":{"nome":"Alessano","prov":"LE","prov_nome":"Lecce","istat":"075002"}},{"type":"Feature","geometry":{"type":"Polygon","coordinates":[[[18.08009,40.06698],[18.07125,40.06975],[18.07292,40.07698],[18.06098,40.07317],[18.04287,40.07062],[18.04501,40.06285],[18.04026,40.05087],[18.03987,40.03929],[18.03684,40.03208],[18.05295,40.02557],[18.07263,40.02234],[18.07948,40.02329],[18.07799,40.03464],[18.07357,40.04767],[18.07904,40.05664],[18.08009,40.06698]]]},"properties":{"nome":"Alezio","prov":"LE","prov_nome":"Lecce","istat":"075003"}},{"type":"Feature","geometry":{"type":"Polygon","coordinates":[[[18.12759,39.94833],[18.1147,39.94764],[18.10306,39.95158],[18.07781,39.95202],[18.07022,39.94758],[18.05675,39.94497],[18.04503,39.93567],[18.05035,39.92768],[18.06292,39.92174],[18.08594,39.90065],[18.10505,39.91549],[18.10783,39.92757],[18.11863,39.93097],[18.12371,39.92987],[18.13028,39.94653],[18.12759,39.94833]]]},"properties":{"nome":"Alliste","prov":"LE","prov_nome":"Lecce","istat":"075004"}},{"type":"Feature","geometry":{"type":"Polygon","coordinates":[[[18.35884,39.99721],[18.34322,39.99751],[18.33453,40.00031],[18.32718,39.99649],[18.33129,39.97786],[18.33391,39.97649],[18.35,39.97823],[18.36624,39.971],[18.36944,39.97179],[18.40309,39.96009],[18.40766,39.97485],[18.39065,39.98132],[18.38661,39.99285],[18.38068,39.99506],[18.36798,39.99352],[18.35884,39.99721]]]},"properties":{"nome":"Andrano","prov":"LE","prov_nome":"Lecce","istat":"075005"}},{"type":"Feature","geometry":{"type":"Polygon","coordinates":[[[18.13563,40.14685],[18.12,40.15152],[18.12162,40.14099],[18.11648,40.13283],[18.11703,40.12529],[18.1232,40.11844],[18.13513,40.11905],[18.142,40.1123],[18.14654,40.11513],[18.15319,40.12056],[18.14742,40.12697],[18.14343,40.13967],[18.13563,40.14685]]]},"properties":{"nome":"Aradeo","prov":"LE","prov_nome":"Lecce","istat":"075006"}},{"type":"Feature","geometry":{"type":"Polygon","coordinates":[[[18.11756,40.33755],[18.1213,40.34996],[18.09674,40.35257],[18.09394,40.36499],[18.08658,40.36315],[18.08203,40.35736],[18.07558,40.3553],[18.07111,40.3348],[18.06155,40.32948],[18.05111,40.32697],[18.03989,40.32721],[18.02715,40.32099],[18.02414,40.31648],[18.03175,40.31867],[18.03952,40.32094],[18.04446,40.3144],[18.05426,40.31368],[18.0604,40.32105],[18.07051,40.32831],[18.11756,40.33755]]]},"properties":{"nome":"Arnesano","prov":"LE","prov_nome":"Lecce","istat":"075007"}},{"type":"Feature","geometry":{"type":"Polygon","coordinates":[[[18.39219,40.14397],[18.38709,40.14702],[18.37006,40.14861],[18.3476,40.16119],[18.346,40.16371],[18.34043,40.16161],[18.33556,40.15956],[18.34282,40.15083],[18.34087,40.1386],[18.34965,40.13555],[18.35519,40.13775],[18.36953,40.14256],[18.38521,40.14128],[18.39219,40.14397]]]},"properties":{"nome":"Bagnolo del Salento","prov":"LE","prov_nome":"Lecce","istat":"075008"}},{"type":"Feature","geometry":{"type":"Polygon","coordinates":[[[18.341,40.06807],[18.32488,40.08109],[18.32265,40.07927],[18.31311,40.0737],[18.31147,40.06571],[18.29291,40.0483],[18.27901,40.03991],[18.27337,40.04829],[18.2686,40.04675],[18.27567,40.04183],[18.28002,40.03318],[18.29296,40.03327],[18.30464,40.0369],[18.30682,40.04806],[18.31895,40.05653],[18.341,40.06807]]]},"properties":{"nome":"Botrugno","prov":"LE","prov_nome":"Lecce","istat":"075009"}},{"type":"Feature","geometry":{"type":"Polygon","coordinates":[[[18.31607,40.24725],[18.30458,40.2507],[18.29655,40.26723],[18.2957,40.26704],[18.28505,40.26323],[18.27902,40.25678],[18.27326,40.25543],[18.26812,40.24979],[18.27296,40.24424],[18.27676,40.23252],[18.2713,40.2271],[18.27263,40.22665],[18.29907,40.23261],[18.31597,40.23431],[18.31857,40.24259],[18.31607,40.24725]]]},"properties":{"nome":"Calimera","prov":"LE","prov_nome":"Lecce","istat":"075010"}},{"type":"Feature","geometry":{"type":"Polygon","coordinates":[[[17.95545,40.45683],[17.95517,40.43888],[17.96146,40.42953],[17.9698,40.41202],[17.98071,40.41706],[17.99118,40.41849],[17.99641,40.40427],[17.9833,40.3956],[17.9806,40.37928],[17.97704,40.36991],[17.97939,40.36265],[17.99483,40.36202],[18.00423,40.36562],[18.01884,40.37758],[18.03069,40.37887],[18.03764,40.38708],[18.04854,40.3955],[18.05663,40.39856],[18.05241,40.40645],[18.0411,40.41451],[18.02101,40.42455],[18.01615,40.43138],[18.0195,40.43749],[17.99671,40.45042],[17.97846,40.45653],[17.97553,40.45458],[17.95545,40.45683]]]},"properties":{"nome":"Campi Salentina","prov":"LE","prov_nome":"Lecce","istat":"075011"}},{"type":"Feature","geometry":{"type":"Polygon","coordinates":[[[18.39219,40.14397],[18.4007,40.14277],[18.40313,40.14664],[18.42163,40.15045],[18.42054,40.16059],[18.41464,40.16754],[18.41459,40.17451],[18.40518,40.1911],[18.38431,40.1805],[18.37568,40.17973],[18.3469,40.16736],[18.346,40.16371],[18.3476,40.16119],[18.37006,40.14861],[18.38709,40.14702],[18.39219,40.14397]]]},"properties":{"nome":"Cannole","prov":"LE","prov_nome":"Lecce","istat":"075012"}},{"type":"Feature","geometry":{"type":"Polygon","coordinates":[[[18.27326,40.25543],[18.26988,40.26496],[18.25552,40.27316],[18.24287,40.28269],[18.23073,40.2762],[18.2203,40.26932],[18.22592,40.25778],[18.23051,40.25317],[18.24329,40.24601],[18.25113,40.24951],[18.26812,40.24979],[18.27326,40.25543]]]},"properties":{"nome":"Caprarica di Lecce","prov":"LE","prov_nome":"Lecce","istat":"075013"}},{"type":"Feature","geometry":{"type":"Polygon","coordinates":[[[18.07558,40.3553],[18.06255,40.35479],[18.05189,40.36084],[18.05214,40.36951],[18.04275,40.37358],[18.03292,40.3635],[18.01029,40.35552],[18.00528,40.3481],[17.99955,40.34611],[18.00169,40.3394],[17.99992,40.33079],[18.00521,40.32585],[18.01794,40.31802],[18.02414,40.31648],[18.02715,40.32099],[18.03989,40.32721],[18.05111,40.32697],[18.06155,40.32948],[18.07111,40.3348],[18.07558,40.3553]]]},"properties":{"nome":"Carmiano","prov":"LE","prov_nome":"Lecce","istat":"075014"}},{"type":"Feature","geometry":{"type":"Polygon","coordinates":[[[18.31597,40.23431],[18.31644,40.22514],[18.32049,40.21694],[18.31702,40.1993],[18.31025,40.19536],[18.30566,40.18402],[18.31273,40.17884],[18.32977,40.17891],[18.33966,40.1739],[18.3469,40.16736],[18.37568,40.17973],[18.38431,40.1805],[18.40518,40.1911],[18.40099,40.2065],[18.38257,40.205],[18.35383,40.24878],[18.35635,40.25768],[18.34895,40.26133],[18.33067,40.25664],[18.31607,40.24725],[18.31857,40.24259],[18.31597,40.23431]]]},"properties":{"nome":"Carpignano Salentino","prov":"LE","prov_nome":"Lecce","istat":"075015"}},{"type":"Feature","geometry":{"type":"Polygon","coordinates":[[[18.1943,40.06333],[18.18445,40.05796],[18.16783,40.05191],[18.17122,40.04127],[18.15887,40.03429],[18.1425,40.01937],[18.14022,40.01289],[18.12292,40.00955],[18.12553,39.99878],[18.12674,39.99635],[18.14853,39.98112],[18.15227,39.98138],[18.1791,39.99446],[18.18421,39.9935],[18.18871,39.99819],[18.22045,40.01364],[18.20456,40.04688],[18.19817,40.05401],[18.1943,40.06333]]]},"properties":{"nome":"Casarano","prov":"LE","prov_nome":"Lecce","istat":"075016"}},{"type":"Feature","geometry":{"type":"Polygon","coordinates":[[[18.2957,40.26704],[18.29228,40.28127],[18.27481,40.2907],[18.26597,40.29291],[18.25399,40.30174],[18.23538,40.29016],[18.24287,40.28269],[18.25552,40.27316],[18.26988,40.26496],[18.27326,40.25543],[18.27902,40.25678],[18.28505,40.26323],[18.2957,40.26704]]]},"properties":{"nome":"Castri di Lecce","prov":"LE","prov_nome":"Lecce","istat":"075017"}},{"type":"Feature","geometry":{"type":"Polygon","coordinates":[[[18.346,40.16371],[18.3469,40.16736],[18.33966,40.1739],[18.32977,40.17891],[18.31273,40.17884],[18.30566,40.18402],[18.29967,40.18093],[18.28754,40.18881],[18.28241,40.18159],[18.27628,40.1719],[18.27896,40.16828],[18.2939,40.16729],[18.30327,40.16148],[18.31192,40.16333],[18.3363,40.16553],[18.34043,40.16161],[18.346,40.16371]]]},"properties":{"nome":"Castrignano de' Greci","prov":"LE","prov_nome":"Lecce","istat":"075018"}},{"type":"Feature","geometry":{"type":"Polygon","coordinates":[[[18.33981,39.86169],[18.32713,39.85356],[18.32236,39.84803],[18.32448,39.84386],[18.34023,39.84576],[18.34415,39.83913],[18.34155,39.8333],[18.32181,39.81803],[18.31843,39.80997],[18.32552,39.80745],[18.33399,39.7958],[18.3462,39.79115],[18.36034,39.7972],[18.36899,39.79376],[18.37249,39.80545],[18.36675,39.82055],[18.36663,39.83335],[18.36426,39.83803],[18.35531,39.8411],[18.34996,39.85529],[18.34397,39.85904],[18.33981,39.86169]]]},"properties":{"nome":"Castrignano del Capo","prov":"LE","prov_nome":"Lecce","istat":"075019"}},{"type":"Feature","geometry":{"type":"Polygon","coordinates":[[[18.23073,40.2762],[18.22742,40.28143],[18.22957,40.29161],[18.21496,40.29725],[18.21112,40.30289],[18.21295,40.30887],[18.20326,40.32578],[18.19202,40.31952],[18.18176,40.32558],[18.18387,40.33356],[18.17305,40.33305],[18.17484,40.29831],[18.17031,40.29035],[18.18741,40.28132],[18.19321,40.27114],[18.20283,40.26373],[18.21658,40.26539],[18.2203,40.26932],[18.23073,40.2762]]]},"properties":{"nome":"Cavallino","prov":"LE","prov_nome":"Lecce","istat":"075020"}},{"type":"Feature","geometry":{"type":"Polygon","coordinates":[[[18.1943,40.06333],[18.20099,40.067],[18.18506,40.07641],[18.18588,40.09073],[18.17422,40.08981],[18.15523,40.08518],[18.14266,40.07456],[18.1481,40.0725],[18.15059,40.06357],[18.14864,40.05496],[18.16342,40.05834],[18.16783,40.05191],[18.18445,40.05796],[18.1943,40.06333]]]},"properties":{"nome":"Collepasso","prov":"LE","prov_nome":"Lecce","istat":"075021"}},{"type":"Feature","geometry":{"type":"Polygon","coordinates":[[[18.04446,40.3144],[18.03857,40.31378],[18.03175,40.31867],[18.02414,40.31648],[18.0081,40.30869],[18.01095,40.29938],[18.02246,40.28995],[18.02706,40.28346],[18.02436,40.27399],[18.01407,40.2702],[18.00168,40.2708],[17.99084,40.26698],[17.98544,40.26172],[17.98401,40.25146],[17.99838,40.25987],[18.00547,40.25714],[18.01317,40.24786],[18.0306,40.24203],[18.04902,40.23992],[18.04825,40.23239],[18.05481,40.22179],[18.06848,40.22372],[18.07355,40.23464],[18.0804,40.23169],[18.0968,40.2324],[18.09742,40.23934],[18.10719,40.24289],[18.10127,40.2545],[18.09134,40.26406],[18.09057,40.26841],[18.09571,40.27685],[18.08651,40.28804],[18.08491,40.29366],[18.05477,40.30943],[18.05426,40.31368],[18.04446,40.3144]]]},"properties":{"nome":"Copertino","prov":"LE","prov_nome":"Lecce","istat":"075022"}},{"type":"Feature","geometry":{"type":"Polygon","coordinates":[[[18.28241,40.18159],[18.275,40.18295],[18.26107,40.19138],[18.25509,40.19018],[18.25071,40.18405],[18.24153,40.18458],[18.23218,40.17857],[18.22346,40.16809],[18.21995,40.159],[18.21421,40.15973],[18.21276,40.15832],[18.22361,40.15035],[18.23777,40.13144],[18.23039,40.12103],[18.23947,40.12097],[18.24942,40.11482],[18.25912,40.12206],[18.26766,40.12306],[18.26884,40.12369],[18.27246,40.12799],[18.26764,40.14278],[18.27574,40.14655],[18.27762,40.15265],[18.27203,40.16285],[18.27896,40.16828],[18.27628,40.1719],[18.28241,40.18159]]]},"properties":{"nome":"Corigliano d'Otranto","prov":"LE","prov_nome":"Lecce","istat":"075023"}},{"type":"Feature","geometry":{"type":"Polygon","coordinates":[[[18.39313,39.86835],[18.39765,39.87148],[18.39875,39.87961],[18.39727,39.89594],[18.38135,39.89664],[18.35871,39.8949],[18.35636,39.88711],[18.37446,39.87001],[18.39313,39.86835]]]},"properties":{"nome":"Corsano","prov":"LE","prov_nome":"Lecce","istat":"075024"}},{"type":"Feature","geometry":{"type":"Polygon","coordinates":[[[18.34043,40.16161],[18.3363,40.16553],[18.31192,40.16333],[18.30327,40.16148],[18.30272,40.15658],[18.29579,40.14572],[18.30129,40.14346],[18.31037,40.14499],[18.32984,40.13908],[18.34087,40.1386],[18.34282,40.15083],[18.33556,40.15956],[18.34043,40.16161]]]},"properties":{"nome":"Cursi","prov":"LE","prov_nome":"Lecce","istat":"075025"}},{"type":"Feature","geometry":{"type":"Polygon","coordinates":[[[18.14654,40.11513],[18.1455,40.10417],[18.14801,40.09494],[18.15523,40.08518],[18.17422,40.08981],[18.18588,40.09073],[18.18506,40.07641],[18.20099,40.067],[18.21472,40.06987],[18.22232,40.07411],[18.2321,40.05593],[18.2371,40.05979],[18.23439,40.06343],[18.23149,40.08016],[18.24182,40.08475],[18.24329,40.08893],[18.23717,40.09528],[18.25247,40.10159],[18.24897,40.10417],[18.24942,40.11482],[18.23947,40.12097],[18.23039,40.12103],[18.23777,40.13144],[18.22361,40.15035],[18.21279,40.14468],[18.20161,40.13527],[18.18512,40.13856],[18.18283,40.14306],[18.16751,40.13723],[18.13563,40.14685],[18.14343,40.13967],[18.14742,40.12697],[18.15319,40.12056],[18.14654,40.11513]]]},"properties":{"nome":"Cutrofiano","prov":"LE","prov_nome":"Lecce","istat":"075026"}},{"type":"Feature","geometry":{"type":"Polygon","coordinates":[[[18.40766,39.97485],[18.41667,39.99398],[18.39859,40.00416],[18.40026,40.0081],[18.40148,40.01328],[18.39522,40.02081],[18.38087,40.0234],[18.379,40.0102],[18.37125,40.00352],[18.35884,39.99721],[18.36798,39.99352],[18.38068,39.99506],[18.38661,39.99285],[18.39065,39.98132],[18.40766,39.97485]]]},"properties":{"nome":"Diso","prov":"LE","prov_nome":"Lecce","istat":"075027"}},{"type":"Feature","geometry":{"type":"Polygon","coordinates":[[[18.34397,39.85904],[18.34996,39.85529],[18.35531,39.8411],[18.36426,39.83803],[18.36663,39.83335],[18.36675,39.82055],[18.37249,39.80545],[18.36899,39.79376],[18.37931,39.80638],[18.39088,39.81734],[18.38592,39.83116],[18.38464,39.841],[18.38946,39.84646],[18.39171,39.86064],[18.38804,39.86397],[18.36884,39.8636],[18.35825,39.87055],[18.34849,39.86769],[18.34397,39.85904]]]},"properties":{"nome":"Gagliano del Capo","prov":"LE","prov_nome":"Lecce","istat":"075028"}},{"type":"Feature","geometry":{"type":"Polygon","coordinates":[[[18.13563,40.14685],[18.16751,40.13723],[18.18283,40.14306],[18.18801,40.15562],[18.19294,40.15792],[18.2064,40.15419],[18.21276,40.15832],[18.21421,40.15973],[18.20213,40.16432],[18.18602,40.18354],[18.18239,40.19202],[18.16767,40.19413],[18.16322,40.19894],[18.15604,40.21532],[18.1593,40.22359],[18.1715,40.22466],[18.17206,40.23989],[18.16826,40.2422],[18.14586,40.24466],[18.13809,40.24988],[18.13426,40.24163],[18.12208,40.23608],[18.10719,40.24289],[18.09742,40.23934],[18.0968,40.2324],[18.0804,40.23169],[18.07355,40.23464],[18.06848,40.22372],[18.07264,40.22373],[18.07741,40.20926],[18.08596,40.19058],[18.09902,40.19354],[18.09928,40.18614],[18.0936,40.16733],[18.11505,40.15162],[18.12,40.15152],[18.13563,40.14685]]]},"properties":{"nome":"Galatina","prov":"LE","prov_nome":"Lecce","istat":"075029"}},{"type":"Feature","geometry":{"type":"Polygon","coordinates":[[[18.08596,40.19058],[18.06587,40.18397],[18.06686,40.17718],[18.05031,40.17626],[18.0479,40.17187],[18.05075,40.16287],[18.04179,40.15533],[18.02373,40.14941],[18.01308,40.12842],[18.00759,40.12315],[17.99842,40.12141],[18.00381,40.11375],[18.00461,40.1144],[18.00998,40.11711],[18.03765,40.12028],[18.05021,40.12023],[18.05114,40.11534],[18.06247,40.11018],[18.07111,40.10925],[18.07216,40.10344],[18.08685,40.10922],[18.09241,40.10671],[18.09647,40.10618],[18.08869,40.11864],[18.09148,40.13324],[18.11082,40.14535],[18.11505,40.15162],[18.0936,40.16733],[18.09928,40.18614],[18.09902,40.19354],[18.08596,40.19058]]]},"properties":{"nome":"Galatone","prov":"LE","prov_nome":"Lecce","istat":"075030"}},{"type":"Feature","geometry":{"type":"Polygon","coordinates":[[[18.04287,40.07062],[18.03943,40.07028],[18.01341,40.08581],[18.01804,40.10272],[18.01457,40.10845],[18.00461,40.1144],[18.00381,40.11375],[18.00992,40.10906],[18.012,40.09685],[18.01135,40.08592],[18.00107,40.06692],[17.98895,40.05859],[17.99129,40.05295],[18.00381,40.04752],[18.01249,40.03951],[18.01915,40.02712],[18.02056,40.01572],[18.0173,40.00666],[18.00905,39.99719],[17.99757,39.99803],[17.99511,39.99438],[18.01296,39.97083],[18.01679,39.97838],[18.02783,39.98755],[18.04036,39.98312],[18.04626,39.98801],[18.04209,39.99634],[18.04757,40.0015],[18.05838,40.00373],[18.07736,40.01245],[18.07263,40.02234],[18.05295,40.02557],[18.03684,40.03208],[18.03987,40.03929],[18.04026,40.05087],[18.04501,40.06285],[18.04287,40.07062]]]},"properties":{"nome":"Gallipoli","prov":"LE","prov_nome":"Lecce","istat":"075031"}},{"type":"Feature","geometry":{"type":"Polygon","coordinates":[[[18.40805,40.12508],[18.39215,40.12617],[18.38039,40.1191],[18.37469,40.11096],[18.37269,40.1063],[18.36283,40.10345],[18.36104,40.09515],[18.36614,40.08785],[18.37219,40.08492],[18.38391,40.08491],[18.38555,40.08545],[18.38683,40.09827],[18.39257,40.09935],[18.40418,40.11076],[18.41393,40.11582],[18.40805,40.12508]]]},"properties":{"nome":"Giuggianello","prov":"LE","prov_nome":"Lecce","istat":"075032"}},{"type":"Feature","geometry":{"type":"Polygon","coordinates":[[[18.41393,40.11582],[18.41844,40.10861],[18.42598,40.10736],[18.44261,40.11791],[18.45007,40.12926],[18.46559,40.13288],[18.46449,40.14724],[18.42622,40.14463],[18.4157,40.14155],[18.4045,40.14252],[18.40849,40.13485],[18.41362,40.13355],[18.40805,40.12508],[18.41393,40.11582]]]},"properties":{"nome":"Giurdignano","prov":"LE","prov_nome":"Lecce","istat":"075033"}},{"type":"Feature","geometry":{"type":"Polygon","coordinates":[[[17.95331,40.45762],[17.93952,40.43989],[17.93559,40.42887],[17.92612,40.42638],[17.89453,40.42328],[17.88638,40.42266],[17.87903,40.41644],[17.8648,40.41556],[17.84652,40.40868],[17.82254,40.40342],[17.82138,40.3992],[17.83195,40.3965],[17.87297,40.40399],[17.91497,40.39425],[17.92434,40.39133],[17.94235,40.3903],[17.9664,40.39847],[17.97718,40.40532],[17.99641,40.40427],[17.99118,40.41849],[17.98071,40.41706],[17.9698,40.41202],[17.96146,40.42953],[17.95517,40.43888],[17.95545,40.45683],[17.95331,40.45762]]]},"properties":{"nome":"Guagnano","prov":"LE","prov_nome":"Lecce","istat":"075034"}},{"type":"Feature","geometry":{"type":"Polygon","coordinates":[[[18.07433,40.47631],[18.07419,40.47586],[18.07529,40.46451],[18.06911,40.46042],[18.05968,40.46679],[18.05658,40.47707],[18.04981,40.47387],[18.04006,40.48783],[18.05307,40.46776],[18.07205,40.44683],[18.08832,40.42805],[18.08084,40.42997],[18.07807,40.42242],[18.08562,40.41688],[18.10657,40.40806],[18.09529,40.40015],[18.08847,40.38686],[18.08044,40.38252],[18.07158,40.37228],[18.06958,40.36508],[18.08203,40.35736],[18.08658,40.36315],[18.09394,40.36499],[18.09674,40.35257],[18.1213,40.34996],[18.11756,40.33755],[18.12076,40.32678],[18.1116,40.32064],[18.12009,40.31251],[18.12985,40.32148],[18.13951,40.31894],[18.16246,40.3272],[18.17305,40.33305],[18.18387,40.33356],[18.18176,40.32558],[18.19202,40.31952],[18.20326,40.32578],[18.21638,40.33124],[18.21665,40.33945],[18.23984,40.35296],[18.26096,40.35242],[18.26448,40.34787],[18.25589,40.3346],[18.25523,40.32967],[18.26324,40.32793],[18.27398,40.33404],[18.26837,40.3419],[18.27855,40.34414],[18.29735,40.34309],[18.30078,40.35113],[18.29927,40.36009],[18.30142,40.37734],[18.30587,40.38296],[18.30647,40.38886],[18.301,40.39455],[18.27896,40.40731],[18.2688,40.41921],[18.25969,40.42391],[18.24878,40.43759],[18.23459,40.4483],[18.21806,40.45582],[18.20274,40.46733],[18.18581,40.4693],[18.16638,40.48071],[18.1448,40.48641],[18.14098,40.48144],[18.11592,40.48522],[18.11072,40.48191],[18.10618,40.49109],[18.10164,40.48938],[18.09595,40.50026],[18.0894,40.50645],[18.07978,40.49211],[18.08023,40.49152],[18.08103,40.48712],[18.07433,40.47631]],[[18.12965,40.46006],[18.14098,40.45486],[18.14684,40.44778],[18.13935,40.43278],[18.1373,40.41736],[18.15565,40.40145],[18.15657,40.38642],[18.14575,40.38296],[18.1533,40.36758],[18.13745,40.37832],[18.12456,40.38288],[18.11752,40.38902],[18.11188,40.39856],[18.11611,40.40707],[18.12287,40.41055],[18.11981,40.42421],[18.11269,40.43727],[18.1149,40.44091],[18.1244,40.44185],[18.12198,40.45209],[18.12965,40.46006]]]},"properties":{"nome":"Lecce","prov":"LE","prov_nome":"Lecce","istat":"075035"}},{"type":"Feature","geometry":{"type":"Polygon","coordinates":[[[18.10719,40.24289],[18.12208,40.23608],[18.13426,40.24163],[18.13809,40.24988],[18.14586,40.24466],[18.16826,40.2422],[18.17249,40.24419],[18.16933,40.2502],[18.16743,40.26559],[18.15552,40.27531],[18.15312,40.28442],[18.1462,40.28883],[18.14838,40.2978],[18.14652,40.30313],[18.15578,40.31058],[18.16246,40.3272],[18.13951,40.31894],[18.12985,40.32148],[18.12009,40.31251],[18.11995,40.31207],[18.12519,40.30855],[18.12383,40.30076],[18.11517,40.2848],[18.09571,40.27685],[18.09057,40.26841],[18.09134,40.26406],[18.10127,40.2545],[18.10719,40.24289]]]},"properties":{"nome":"Lequile","prov":"LE","prov_nome":"Lecce","istat":"075036"}},{"type":"Feature","geometry":{"type":"MultiPolygon","coordinates":[[[[18.03175,40.31867],[18.03857,40.31378],[18.04446,40.3144],[18.03952,40.32094],[18.03175,40.31867]]],[[[18.00521,40.32585],[17.99761,40.32196],[17.96444,40.31055],[17.94824,40.30716],[17.93744,40.30741],[17.92246,40.31391],[17.91719,40.3267],[17.89309,40.32656],[17.89843,40.31741],[17.91496,40.30058],[17.92973,40.29093],[17.94248,40.27634],[17.94293,40.26964],[17.94902,40.26318],[17.95192,40.25354],[17.95821,40.24997],[17.98401,40.25146],[17.98544,40.26172],[17.99084,40.26698],[18.00168,40.2708],[18.01407,40.2702],[18.02436,40.27399],[18.02706,40.28346],[18.02246,40.28995],[18.01095,40.29938],[18.0081,40.30869],[18.02414,40.31648],[18.01794,40.31802],[18.00521,40.32585]]]]},"properties":{"nome":"Leverano","prov":"LE","prov_nome":"Lecce","istat":"075037"}},{"type":"Feature","geometry":{"type":"Polygon","coordinates":[[[18.24287,40.28269],[18.23538,40.29016],[18.25399,40.30174],[18.25732,40.30448],[18.25854,40.31491],[18.26234,40.32343],[18.25523,40.32967],[18.25589,40.3346],[18.26448,40.34787],[18.26096,40.35242],[18.23984,40.35296],[18.21665,40.33945],[18.21638,40.33124],[18.20326,40.32578],[18.21295,40.30887],[18.21112,40.30289],[18.21496,40.29725],[18.22957,40.29161],[18.22742,40.28143],[18.23073,40.2762],[18.24287,40.28269]]]},"properties":{"nome":"Lizzanello","prov":"LE","prov_nome":"Lecce","istat":"075038"}},{"type":"Feature","geometry":{"type":"Polygon","coordinates":[[[18.34087,40.1386],[18.32984,40.13908],[18.31037,40.14499],[18.30129,40.14346],[18.29579,40.14572],[18.28711,40.13676],[18.28093,40.13899],[18.2733,40.13367],[18.27547,40.12446],[18.26884,40.12369],[18.26766,40.12306],[18.27076,40.10846],[18.26775,40.10509],[18.25247,40.10159],[18.23717,40.09528],[18.24329,40.08893],[18.24182,40.08475],[18.24758,40.08626],[18.25389,40.09321],[18.26669,40.089],[18.27285,40.09656],[18.27392,40.10708],[18.28282,40.11154],[18.29688,40.10498],[18.30727,40.10477],[18.30772,40.09854],[18.31345,40.10506],[18.31741,40.11907],[18.32065,40.12368],[18.33145,40.12864],[18.33925,40.12769],[18.35024,40.13123],[18.35519,40.13775],[18.34965,40.13555],[18.34087,40.1386]]]},"properties":{"nome":"Maglie","prov":"LE","prov_nome":"Lecce","istat":"075039"}},{"type":"Feature","geometry":{"type":"Polygon","coordinates":[[[18.27263,40.22665],[18.26349,40.21192],[18.26107,40.19138],[18.275,40.18295],[18.28241,40.18159],[18.28754,40.18881],[18.29967,40.18093],[18.30566,40.18402],[18.31025,40.19536],[18.31702,40.1993],[18.32049,40.21694],[18.31644,40.22514],[18.31597,40.23431],[18.29907,40.23261],[18.27263,40.22665]]]},"properties":{"nome":"Martano","prov":"LE","prov_nome":"Lecce","istat":"075040"}},{"type":"Feature","geometry":{"type":"Polygon","coordinates":[[[18.26812,40.24979],[18.25113,40.24951],[18.24329,40.24601],[18.24016,40.23704],[18.25073,40.22827],[18.26464,40.22517],[18.2713,40.2271],[18.27676,40.23252],[18.27296,40.24424],[18.26812,40.24979]]]},"properties":{"nome":"Martignano","prov":"LE","prov_nome":"Lecce","istat":"075041"}},{"type":"Feature","geometry":{"type":"Polygon","coordinates":[[[18.07263,40.02234],[18.07736,40.01245],[18.09899,40.01017],[18.104,40.00611],[18.11577,39.99785],[18.12553,39.99878],[18.12292,40.00955],[18.14022,40.01289],[18.1425,40.01937],[18.15887,40.03429],[18.17122,40.04127],[18.16783,40.05191],[18.16342,40.05834],[18.14864,40.05496],[18.14495,40.04849],[18.12574,40.04094],[18.10804,40.03942],[18.1051,40.04212],[18.07799,40.03464],[18.07948,40.02329],[18.07263,40.02234]]]},"properties":{"nome":"Matino","prov":"LE","prov_nome":"Lecce","istat":"075042"}},{"type":"Feature","geometry":{"type":"Polygon","coordinates":[[[18.31607,40.24725],[18.33067,40.25664],[18.34895,40.26133],[18.35635,40.25768],[18.35383,40.24878],[18.38257,40.205],[18.40099,40.2065],[18.41569,40.20906],[18.40994,40.22451],[18.42283,40.22284],[18.43518,40.22481],[18.43973,40.25207],[18.44522,40.25464],[18.44112,40.26881],[18.43035,40.27263],[18.42949,40.28652],[18.42477,40.29146],[18.40703,40.30112],[18.38885,40.31261],[18.38084,40.31943],[18.37523,40.32781],[18.33358,40.31127],[18.33418,40.30303],[18.32827,40.29471],[18.31996,40.28985],[18.31169,40.2809],[18.31385,40.27074],[18.29655,40.26723],[18.30458,40.2507],[18.31607,40.24725]]]},"properties":{"nome":"Melendugno","prov":"LE","prov_nome":"Lecce","istat":"075043"}},{"type":"Feature","geometry":{"type":"Polygon","coordinates":[[[18.12553,39.99878],[18.11577,39.99785],[18.104,40.00611],[18.11241,39.989],[18.09687,39.98185],[18.10175,39.97811],[18.10967,39.9812],[18.11205,39.97396],[18.09846,39.97172],[18.09661,39.9676],[18.11244,39.96703],[18.12597,39.95274],[18.1385,39.96132],[18.14142,39.96828],[18.14018,39.97524],[18.14853,39.98112],[18.12674,39.99635],[18.12553,39.99878]]]},"properties":{"nome":"Melissano","prov":"LE","prov_nome":"Lecce","istat":"075044"}},{"type":"Feature","geometry":{"type":"MultiPolygon","coordinates":[[[[18.24942,40.11482],[18.24897,40.10417],[18.25247,40.10159],[18.26775,40.10509],[18.27076,40.10846],[18.26766,40.12306],[18.25912,40.12206],[18.24942,40.11482]]],[[[18.27896,40.16828],[18.27203,40.16285],[18.27762,40.15265],[18.27574,40.14655],[18.26764,40.14278],[18.27246,40.12799],[18.26884,40.12369],[18.27547,40.12446],[18.2733,40.13367],[18.28093,40.13899],[18.28711,40.13676],[18.29579,40.14572],[18.30272,40.15658],[18.30327,40.16148],[18.2939,40.16729],[18.27896,40.16828]]]]},"properties":{"nome":"Melpignano","prov":"LE","prov_nome":"Lecce","istat":"075045"}},{"type":"Feature","geometry":{"type":"Polygon","coordinates":[[[18.32595,39.96276],[18.2977,39.98568],[18.29194,39.98774],[18.28652,39.97762],[18.29299,39.97015],[18.29522,39.96292],[18.30495,39.95355],[18.32114,39.95064],[18.33026,39.95062],[18.33383,39.95733],[18.32595,39.96276]]]},"properties":{"nome":"Miggiano","prov":"LE","prov_nome":"Lecce","istat":"075046"}},{"type":"Feature","geometry":{"type":"Polygon","coordinates":[[[18.38555,40.08545],[18.39043,40.08524],[18.39768,40.07707],[18.40986,40.07736],[18.41886,40.07233],[18.41491,40.06438],[18.41873,40.05546],[18.42419,40.05337],[18.43461,40.06452],[18.44155,40.06736],[18.44108,40.07585],[18.43415,40.08053],[18.4389,40.08828],[18.42991,40.1039],[18.42598,40.10736],[18.41844,40.10861],[18.41393,40.11582],[18.40418,40.11076],[18.39257,40.09935],[18.38683,40.09827],[18.38555,40.08545]]]},"properties":{"nome":"Minervino di Lecce","prov":"LE","prov_nome":"Lecce","istat":"075047"}},{"type":"Feature","geometry":{"type":"Polygon","coordinates":[[[18.05426,40.31368],[18.05477,40.30943],[18.08491,40.29366],[18.09942,40.30308],[18.10911,40.30537],[18.11995,40.31207],[18.12009,40.31251],[18.1116,40.32064],[18.12076,40.32678],[18.11756,40.33755],[18.07051,40.32831],[18.0604,40.32105],[18.05426,40.31368]]]},"properties":{"nome":"Monteroni di Lecce","prov":"LE","prov_nome":"Lecce","istat":"075048"}},{"type":"Feature","geometry":{"type":"Polygon","coordinates":[[[18.32718,39.99649],[18.31891,40.00008],[18.30806,39.99355],[18.2981,39.99994],[18.29,39.99856],[18.28709,39.99369],[18.29194,39.98774],[18.2977,39.98568],[18.32595,39.96276],[18.33391,39.97649],[18.33129,39.97786],[18.32718,39.99649]]]},"properties":{"nome":"Montesano Salentino","prov":"LE","prov_nome":"Lecce","istat":"075049"}},{"type":"Feature","geometry":{"type":"Polygon","coordinates":[[[18.32447,39.872],[18.32335,39.86703],[18.30639,39.86591],[18.30726,39.85782],[18.27452,39.8388],[18.26563,39.83569],[18.28817,39.82498],[18.29702,39.83168],[18.30484,39.82936],[18.32226,39.83997],[18.32448,39.84386],[18.32236,39.84803],[18.32713,39.85356],[18.33981,39.86169],[18.34029,39.86484],[18.32447,39.872]]]},"properties":{"nome":"Morciano di Leuca","prov":"LE","prov_nome":"Lecce","istat":"075050"}},{"type":"Feature","geometry":{"type":"Polygon","coordinates":[[[18.38039,40.1191],[18.35024,40.13123],[18.33925,40.12769],[18.33145,40.12864],[18.32065,40.12368],[18.31741,40.11907],[18.31345,40.10506],[18.30772,40.09854],[18.31914,40.08517],[18.32831,40.09185],[18.3364,40.08976],[18.35121,40.09711],[18.34472,40.0996],[18.34671,40.10777],[18.35465,40.11165],[18.35858,40.10597],[18.37469,40.11096],[18.38039,40.1191]]]},"properties":{"nome":"Muro Leccese","prov":"LE","prov_nome":"Lecce","istat":"075051"}},{"type":"Feature","geometry":{"type":"Polygon","coordinates":[[[17.79204,40.33672],[17.81636,40.33723],[17.815,40.324],[17.81674,40.30854],[17.87784,40.2871],[17.91493,40.26504],[17.93095,40.25325],[17.91166,40.23896],[17.91129,40.23376],[17.92459,40.22384],[17.92645,40.21953],[17.92099,40.21259],[17.91829,40.19437],[17.92534,40.18396],[17.93842,40.17063],[17.94584,40.16858],[17.96128,40.15203],[17.98605,40.1398],[17.99474,40.13109],[17.99842,40.12141],[18.00759,40.12315],[18.01308,40.12842],[18.02373,40.14941],[18.04179,40.15533],[18.05075,40.16287],[18.0479,40.17187],[18.05031,40.17626],[18.06686,40.17718],[18.06587,40.18397],[18.08596,40.19058],[18.07741,40.20926],[18.07264,40.22373],[18.06848,40.22372],[18.05481,40.22179],[18.04825,40.23239],[18.04902,40.23992],[18.0306,40.24203],[18.01317,40.24786],[18.00547,40.25714],[17.99838,40.25987],[17.98401,40.25146],[17.95821,40.24997],[17.95192,40.25354],[17.94902,40.26318],[17.94293,40.26964],[17.94248,40.27634],[17.92973,40.29093],[17.91496,40.30058],[17.89843,40.31741],[17.89309,40.32656],[17.86316,40.33752],[17.85127,40.34328],[17.83697,40.35525],[17.83602,40.36253],[17.81408,40.35596],[17.79923,40.35352],[17.79204,40.33672]]]},"properties":{"nome":"Nardò","prov":"LE","prov_nome":"Lecce","istat":"075052"}},{"type":"Feature","geometry":{"type":"Polygon","coordinates":[[[18.1232,40.11844],[18.10634,40.10911],[18.09647,40.10618],[18.09241,40.10671],[18.09402,40.0984],[18.09696,40.08851],[18.10314,40.08769],[18.11366,40.09506],[18.1147,40.08206],[18.12231,40.08181],[18.13224,40.07554],[18.14266,40.07456],[18.15523,40.08518],[18.14801,40.09494],[18.1455,40.10417],[18.14654,40.11513],[18.142,40.1123],[18.13513,40.11905],[18.1232,40.11844]]]},"properties":{"nome":"Neviano","prov":"LE","prov_nome":"Lecce","istat":"075053"}},{"type":"Feature","geometry":{"type":"Polygon","coordinates":[[[18.31891,40.00008],[18.31419,40.02414],[18.32361,40.0272],[18.34712,40.0387],[18.35965,40.04304],[18.35462,40.0506],[18.32823,40.04566],[18.32203,40.04705],[18.30852,40.03818],[18.31186,40.03029],[18.2893,40.02576],[18.30144,40.01865],[18.30584,40.0063],[18.30806,39.99355],[18.31891,40.00008]]]},"properties":{"nome":"Nociglia","prov":"LE","prov_nome":"Lecce","istat":"075054"}},{"type":"Feature","geometry":{"type":"Polygon","coordinates":[[[18.08203,40.35736],[18.06958,40.36508],[18.07158,40.37228],[18.08044,40.38252],[18.06475,40.39573],[18.05663,40.39856],[18.04854,40.3955],[18.03764,40.38708],[18.03069,40.37887],[18.01884,40.37758],[18.00423,40.36562],[17.99483,40.36202],[17.99955,40.34611],[18.00528,40.3481],[18.01029,40.35552],[18.03292,40.3635],[18.04275,40.37358],[18.05214,40.36951],[18.05189,40.36084],[18.06255,40.35479],[18.07558,40.3553],[18.08203,40.35736]]]},"properties":{"nome":"Novoli","prov":"LE","prov_nome":"Lecce","istat":"075055"}},{"type":"Feature","geometry":{"type":"Polygon","coordinates":[[[18.40026,40.0081],[18.41141,40.00568],[18.41826,40.01119],[18.42756,40.02523],[18.4241,40.03435],[18.41656,40.03353],[18.4097,40.02806],[18.39778,40.04356],[18.38012,40.04129],[18.37536,40.03476],[18.38282,40.02603],[18.38087,40.0234],[18.39522,40.02081],[18.40148,40.01328],[18.40026,40.0081]]]},"properties":{"nome":"Ortelle","prov":"LE","prov_nome":"Lecce","istat":"075056"}},{"type":"Feature","geometry":{"type":"Polygon","coordinates":[[[18.4007,40.14277],[18.4045,40.14252],[18.4157,40.14155],[18.42622,40.14463],[18.46449,40.14724],[18.46559,40.13288],[18.47822,40.13671],[18.47487,40.12914],[18.47376,40.11423],[18.46924,40.10802],[18.46789,40.09949],[18.47716,40.09643],[18.46868,40.08598],[18.45739,40.08653],[18.44963,40.09304],[18.43979,40.08811],[18.44569,40.08493],[18.47035,40.07735],[18.47828,40.08037],[18.48306,40.07722],[18.49671,40.08972],[18.51786,40.10351],[18.52038,40.10708],[18.50923,40.12043],[18.50684,40.1279],[18.51403,40.1328],[18.51364,40.13835],[18.50618,40.1444],[18.49721,40.1475],[18.4897,40.14705],[18.48672,40.16117],[18.48001,40.17],[18.47774,40.17987],[18.46877,40.19015],[18.46382,40.19278],[18.45854,40.20383],[18.45843,40.2118],[18.46453,40.22219],[18.46106,40.23306],[18.44522,40.25464],[18.43973,40.25207],[18.43518,40.22481],[18.42283,40.22284],[18.40994,40.22451],[18.41569,40.20906],[18.40099,40.2065],[18.40518,40.1911],[18.41459,40.17451],[18.41464,40.16754],[18.42054,40.16059],[18.42163,40.15045],[18.40313,40.14664],[18.4007,40.14277]]]},"properties":{"nome":"Otranto","prov":"LE","prov_nome":"Lecce","istat":"075057"}},{"type":"Feature","geometry":{"type":"Polygon","coordinates":[[[18.35519,40.13775],[18.35024,40.13123],[18.38039,40.1191],[18.39215,40.12617],[18.40805,40.12508],[18.41362,40.13355],[18.40849,40.13485],[18.4045,40.14252],[18.4007,40.14277],[18.39219,40.14397],[18.38521,40.14128],[18.36953,40.14256],[18.35519,40.13775]]]},"properties":{"nome":"Palmariggi","prov":"LE","prov_nome":"Lecce","istat":"075058"}},{"type":"Feature","geometry":{"type":"Polygon","coordinates":[[[18.07799,40.03464],[18.1051,40.04212],[18.10804,40.03942],[18.12574,40.04094],[18.14495,40.04849],[18.14864,40.05496],[18.15059,40.06357],[18.1481,40.0725],[18.14266,40.07456],[18.13224,40.07554],[18.12231,40.08181],[18.1147,40.08206],[18.11122,40.08054],[18.10816,40.06115],[18.09309,40.0616],[18.08536,40.06956],[18.08009,40.06698],[18.07904,40.05664],[18.07357,40.04767],[18.07799,40.03464]]]},"properties":{"nome":"Parabita","prov":"LE","prov_nome":"Lecce","istat":"075059"}},{"type":"Feature","geometry":{"type":"Polygon","coordinates":[[[18.32448,39.84386],[18.32226,39.83997],[18.30484,39.82936],[18.29702,39.83168],[18.28817,39.82498],[18.30136,39.81939],[18.31498,39.80817],[18.31843,39.80997],[18.32181,39.81803],[18.34155,39.8333],[18.34415,39.83913],[18.34023,39.84576],[18.32448,39.84386]]]},"properties":{"nome":"Patù","prov":"LE","prov_nome":"Lecce","istat":"075060"}},{"type":"Feature","geometry":{"type":"Polygon","coordinates":[[[18.38391,40.08491],[18.37384,40.08059],[18.36842,40.07036],[18.3537,40.06387],[18.35462,40.0506],[18.35965,40.04304],[18.36601,40.03736],[18.37536,40.03476],[18.38012,40.04129],[18.39778,40.04356],[18.40901,40.04799],[18.41873,40.05546],[18.41491,40.06438],[18.41886,40.07233],[18.40986,40.07736],[18.39768,40.07707],[18.39043,40.08524],[18.38555,40.08545],[18.38391,40.08491]]]},"properties":{"nome":"Poggiardo","prov":"LE","prov_nome":"Lecce","istat":"075061"}},{"type":"Feature","geometry":{"type":"Polygon","coordinates":[[[18.12759,39.94833],[18.12597,39.95274],[18.11244,39.96703],[18.09661,39.9676],[18.09846,39.97172],[18.09631,39.97707],[18.08232,39.97123],[18.06827,39.97039],[18.07926,39.98056],[18.07449,39.98701],[18.0606,39.98466],[18.0454,39.97522],[18.02285,39.96519],[18.02956,39.95666],[18.02959,39.94948],[18.04164,39.9368],[18.04503,39.93567],[18.05675,39.94497],[18.07022,39.94758],[18.07781,39.95202],[18.10306,39.95158],[18.1147,39.94764],[18.12759,39.94833]]]},"properties":{"nome":"Racale","prov":"LE","prov_nome":"Lecce","istat":"075063"}},{"type":"Feature","geometry":{"type":"Polygon","coordinates":[[[18.18421,39.9935],[18.18931,39.99031],[18.19491,39.98979],[18.22277,39.97694],[18.23817,39.96315],[18.2436,39.94815],[18.25231,39.94015],[18.25037,39.93147],[18.25764,39.92948],[18.2576,39.95308],[18.2599,39.96242],[18.27579,39.96546],[18.28652,39.97762],[18.29194,39.98774],[18.28709,39.99369],[18.29,39.99856],[18.2981,39.99994],[18.29757,40.00397],[18.27749,40.00664],[18.26601,40.01261],[18.25648,40.01477],[18.24869,40.00961],[18.23595,40.00524],[18.23075,40.01369],[18.22045,40.01364],[18.18871,39.99819],[18.18421,39.9935]]]},"properties":{"nome":"Ruffano","prov":"LE","prov_nome":"Lecce","istat":"075064"}},{"type":"Feature","geometry":{"type":"Polygon","coordinates":[[[17.79923,40.35352],[17.81408,40.35596],[17.83602,40.36253],[17.83687,40.36886],[17.85505,40.3694],[17.8513,40.37617],[17.8688,40.38161],[17.89077,40.36741],[17.90281,40.36172],[17.91124,40.35313],[17.93136,40.35055],[17.94423,40.35729],[17.97939,40.36265],[17.97704,40.36991],[17.9806,40.37928],[17.9833,40.3956],[17.99641,40.40427],[17.97718,40.40532],[17.9664,40.39847],[17.94235,40.3903],[17.92434,40.39133],[17.91497,40.39425],[17.87297,40.40399],[17.83195,40.3965],[17.82138,40.3992],[17.79833,40.37965],[17.79975,40.36829],[17.79923,40.35352]]]},"properties":{"nome":"Salice Salentino","prov":"LE","prov_nome":"Lecce","istat":"075065"}},{"type":"Feature","geometry":{"type":"Polygon","coordinates":[[[18.29263,39.88293],[18.29193,39.87451],[18.27473,39.87538],[18.2645,39.87758],[18.25767,39.86951],[18.25538,39.86276],[18.24747,39.86419],[18.22185,39.86172],[18.20946,39.86503],[18.20051,39.85748],[18.19057,39.85337],[18.18992,39.84699],[18.20271,39.83925],[18.23779,39.83463],[18.26563,39.83569],[18.27452,39.8388],[18.30726,39.85782],[18.30639,39.86591],[18.32335,39.86703],[18.32447,39.872],[18.32456,39.87558],[18.31484,39.87893],[18.30664,39.87861],[18.29263,39.88293]]]},"properties":{"nome":"Salve","prov":"LE","prov_nome":"Lecce","istat":"075066"}},{"type":"Feature","geometry":{"type":"Polygon","coordinates":[[[18.341,40.06807],[18.3518,40.06773],[18.3537,40.06387],[18.36842,40.07036],[18.37384,40.08059],[18.38391,40.08491],[18.37219,40.08492],[18.36614,40.08785],[18.36104,40.09515],[18.36283,40.10345],[18.37269,40.1063],[18.37469,40.11096],[18.35858,40.10597],[18.35465,40.11165],[18.34671,40.10777],[18.34472,40.0996],[18.35121,40.09711],[18.3364,40.08976],[18.32831,40.09185],[18.31914,40.08517],[18.32265,40.07927],[18.32488,40.08109],[18.341,40.06807]]]},"properties":{"nome":"Sanarica","prov":"LE","prov_nome":"Lecce","istat":"075067"}},{"type":"Feature","geometry":{"type":"Polygon","coordinates":[[[18.17305,40.33305],[18.16246,40.3272],[18.15578,40.31058],[18.14652,40.30313],[18.14838,40.2978],[18.1462,40.28883],[18.15312,40.28442],[18.17031,40.29035],[18.17484,40.29831],[18.17305,40.33305]]]},"properties":{"nome":"San Cesario di Lecce","prov":"LE","prov_nome":"Lecce","istat":"075068"}},{"type":"Feature","geometry":{"type":"Polygon","coordinates":[[[18.2203,40.26932],[18.21658,40.26539],[18.20283,40.26373],[18.19321,40.27114],[18.18741,40.28132],[18.17031,40.29035],[18.15312,40.28442],[18.15552,40.27531],[18.16743,40.26559],[18.16933,40.2502],[18.17249,40.24419],[18.17921,40.23552],[18.18831,40.2364],[18.20911,40.23753],[18.21985,40.24071],[18.23051,40.25317],[18.22592,40.25778],[18.2203,40.26932]]]},"properties":{"nome":"San Donato di Lecce","prov":"LE","prov_nome":"Lecce","istat":"075069"}},{"type":"Feature","geometry":{"type":"Polygon","coordinates":[[[18.07292,40.07698],[18.07994,40.08109],[18.08887,40.07914],[18.08665,40.08874],[18.09402,40.0984],[18.09241,40.10671],[18.08685,40.10922],[18.07216,40.10344],[18.07111,40.10925],[18.06247,40.11018],[18.05114,40.11534],[18.05021,40.12023],[18.03765,40.12028],[18.00998,40.11711],[18.00461,40.1144],[18.01457,40.10845],[18.01804,40.10272],[18.01341,40.08581],[18.03943,40.07028],[18.04287,40.07062],[18.06098,40.07317],[18.07292,40.07698]]]},"properties":{"nome":"Sannicola","prov":"LE","prov_nome":"Lecce","istat":"075070"}},{"type":"Feature","geometry":{"type":"Polygon","coordinates":[[[18.09571,40.27685],[18.11517,40.2848],[18.12383,40.30076],[18.12519,40.30855],[18.11995,40.31207],[18.10911,40.30537],[18.09942,40.30308],[18.08491,40.29366],[18.08651,40.28804],[18.09571,40.27685]]]},"properties":{"nome":"San Pietro in Lama","prov":"LE","prov_nome":"Lecce","istat":"075071"}},{"type":"Feature","geometry":{"type":"Polygon","coordinates":[[[18.41873,40.05546],[18.40901,40.04799],[18.39778,40.04356],[18.4097,40.02806],[18.41656,40.03353],[18.4241,40.03435],[18.42756,40.02523],[18.43569,40.02467],[18.46247,40.03592],[18.47444,40.04368],[18.47721,40.0489],[18.47886,40.06162],[18.48494,40.07555],[18.48306,40.07722],[18.47828,40.08037],[18.47035,40.07735],[18.44569,40.08493],[18.43979,40.08811],[18.4389,40.08828],[18.43415,40.08053],[18.44108,40.07585],[18.44155,40.06736],[18.43461,40.06452],[18.42419,40.05337],[18.41873,40.05546]]]},"properties":{"nome":"Santa Cesarea Terme","prov":"LE","prov_nome":"Lecce","istat":"075072"}},{"type":"Feature","geometry":{"type":"Polygon","coordinates":[[[18.32265,40.07927],[18.31914,40.08517],[18.30772,40.09854],[18.30727,40.10477],[18.29688,40.10498],[18.28282,40.11154],[18.27392,40.10708],[18.27285,40.09656],[18.26669,40.089],[18.25389,40.09321],[18.24758,40.08626],[18.24182,40.08475],[18.23149,40.08016],[18.23439,40.06343],[18.2371,40.05979],[18.24426,40.05173],[18.25473,40.05485],[18.26316,40.05427],[18.2686,40.04675],[18.27337,40.04829],[18.27901,40.03991],[18.29291,40.0483],[18.31147,40.06571],[18.31311,40.0737],[18.32265,40.07927]]]},"properties":{"nome":"Scorrano","prov":"LE","prov_nome":"Lecce","istat":"075073"}},{"type":"Feature","geometry":{"type":"Polygon","coordinates":[[[18.12,40.15152],[18.11505,40.15162],[18.11082,40.14535],[18.09148,40.13324],[18.08869,40.11864],[18.09647,40.10618],[18.10634,40.10911],[18.1232,40.11844],[18.11703,40.12529],[18.11648,40.13283],[18.12162,40.14099],[18.12,40.15152]]]},"properties":{"nome":"Seclì","prov":"LE","prov_nome":"Lecce","istat":"075074"}},{"type":"Feature","geometry":{"type":"Polygon","coordinates":[[[18.21276,40.15832],[18.2064,40.15419],[18.19294,40.15792],[18.18801,40.15562],[18.18283,40.14306],[18.18512,40.13856],[18.20161,40.13527],[18.21279,40.14468],[18.22361,40.15035],[18.21276,40.15832]]]},"properties":{"nome":"Sogliano Cavour","prov":"LE","prov_nome":"Lecce","istat":"075075"}},{"type":"Feature","geometry":{"type":"Polygon","coordinates":[[[18.24153,40.18458],[18.23946,40.19042],[18.22794,40.20276],[18.21331,40.20825],[18.20488,40.21774],[18.19456,40.22069],[18.18936,40.22848],[18.18831,40.2364],[18.17921,40.23552],[18.17249,40.24419],[18.16826,40.2422],[18.17206,40.23989],[18.1715,40.22466],[18.1593,40.22359],[18.15604,40.21532],[18.16322,40.19894],[18.16767,40.19413],[18.18239,40.19202],[18.18602,40.18354],[18.20213,40.16432],[18.21421,40.15973],[18.21995,40.159],[18.22346,40.16809],[18.23218,40.17857],[18.24153,40.18458]]]},"properties":{"nome":"Soleto","prov":"LE","prov_nome":"Lecce","istat":"075076"}},{"type":"Feature","geometry":{"type":"Polygon","coordinates":[[[18.32084,39.92022],[18.30952,39.93425],[18.33026,39.95062],[18.32114,39.95064],[18.30495,39.95355],[18.29522,39.96292],[18.29299,39.97015],[18.28652,39.97762],[18.27579,39.96546],[18.2599,39.96242],[18.2576,39.95308],[18.25764,39.92948],[18.2652,39.93074],[18.28071,39.91676],[18.29034,39.91459],[18.30545,39.91693],[18.31634,39.91625],[18.32084,39.92022]]]},"properties":{"nome":"Specchia","prov":"LE","prov_nome":"Lecce","istat":"075077"}},{"type":"Feature","geometry":{"type":"Polygon","coordinates":[[[18.35884,39.99721],[18.37125,40.00352],[18.379,40.0102],[18.38087,40.0234],[18.38282,40.02603],[18.37536,40.03476],[18.36601,40.03736],[18.35613,40.03159],[18.34596,40.02015],[18.33655,40.01706],[18.33145,40.01036],[18.33453,40.00031],[18.34322,39.99751],[18.35884,39.99721]]]},"properties":{"nome":"Spongano","prov":"LE","prov_nome":"Lecce","istat":"075078"}},{"type":"Feature","geometry":{"type":"MultiPolygon","coordinates":[[[[17.97846,40.45653],[17.99671,40.45042],[18.0195,40.43749],[18.02618,40.43536],[18.03269,40.4244],[18.03923,40.42281],[18.05502,40.42515],[18.0607,40.43446],[18.05815,40.43833],[18.07205,40.44683],[18.05307,40.46776],[18.04006,40.48783],[18.03134,40.48168],[18.02655,40.47738],[18.02662,40.46856],[18.01944,40.46383],[18.00315,40.46873],[17.99095,40.46502],[17.97846,40.45653]]],[[[18.07419,40.47586],[18.07433,40.47631],[18.07112,40.48742],[18.05889,40.47965],[18.07419,40.47586]]],[[[18.0894,40.50645],[18.09595,40.50026],[18.10164,40.48938],[18.12293,40.4976],[18.10917,40.50981],[18.09737,40.51537],[18.0894,40.50645]]]]},"properties":{"nome":"Squinzano","prov":"LE","prov_nome":"Lecce","istat":"075079"}},{"type":"Feature","geometry":{"type":"Polygon","coordinates":[[[18.23051,40.25317],[18.21985,40.24071],[18.20911,40.23753],[18.18831,40.2364],[18.18936,40.22848],[18.19456,40.22069],[18.20488,40.21774],[18.21331,40.20825],[18.22794,40.20276],[18.24786,40.21859],[18.25073,40.22827],[18.24016,40.23704],[18.24329,40.24601],[18.23051,40.25317]]]},"properties":{"nome":"Sternatia","prov":"LE","prov_nome":"Lecce","istat":"075080"}},{"type":"Feature","geometry":{"type":"Polygon","coordinates":[[[18.2686,40.04675],[18.26316,40.05427],[18.25473,40.05485],[18.24426,40.05173],[18.2371,40.05979],[18.2321,40.05593],[18.22232,40.07411],[18.21472,40.06987],[18.20099,40.067],[18.1943,40.06333],[18.19817,40.05401],[18.20456,40.04688],[18.22045,40.01364],[18.23075,40.01369],[18.23595,40.00524],[18.24869,40.00961],[18.25648,40.01477],[18.26601,40.01261],[18.27749,40.00664],[18.29757,40.00397],[18.2981,39.99994],[18.30806,39.99355],[18.30584,40.0063],[18.30144,40.01865],[18.2893,40.02576],[18.28002,40.03318],[18.27567,40.04183],[18.2686,40.04675]]]},"properties":{"nome":"Supersano","prov":"LE","prov_nome":"Lecce","istat":"075081"}},{"type":"Feature","geometry":{"type":"Polygon","coordinates":[[[18.33453,40.00031],[18.33145,40.01036],[18.33655,40.01706],[18.34596,40.02015],[18.35613,40.03159],[18.36601,40.03736],[18.35965,40.04304],[18.34712,40.0387],[18.32361,40.0272],[18.31419,40.02414],[18.31891,40.00008],[18.32718,39.99649],[18.33453,40.00031]]]},"properties":{"nome":"Surano","prov":"LE","prov_nome":"Lecce","istat":"075082"}},{"type":"Feature","geometry":{"type":"Polygon","coordinates":[[[18.12965,40.46006],[18.12198,40.45209],[18.1244,40.44185],[18.1149,40.44091],[18.11269,40.43727],[18.11981,40.42421],[18.12287,40.41055],[18.11611,40.40707],[18.11188,40.39856],[18.11752,40.38902],[18.12456,40.38288],[18.13745,40.37832],[18.1533,40.36758],[18.14575,40.38296],[18.15657,40.38642],[18.15565,40.40145],[18.1373,40.41736],[18.13935,40.43278],[18.14684,40.44778],[18.14098,40.45486],[18.12965,40.46006]]]},"properties":{"nome":"Surbo","prov":"LE","prov_nome":"Lecce","istat":"075083"}},{"type":"Feature","geometry":{"type":"Polygon","coordinates":[[[18.18931,39.99031],[18.18985,39.9825],[18.20162,39.96938],[18.20474,39.96224],[18.19984,39.95838],[18.20207,39.95193],[18.18691,39.93958],[18.19264,39.93179],[18.19985,39.92681],[18.20974,39.92366],[18.21759,39.92856],[18.22573,39.92529],[18.25037,39.93147],[18.25231,39.94015],[18.2436,39.94815],[18.23817,39.96315],[18.22277,39.97694],[18.19491,39.98979],[18.18931,39.99031]]]},"properties":{"nome":"Taurisano","prov":"LE","prov_nome":"Lecce","istat":"075084"}},{"type":"Feature","geometry":{"type":"Polygon","coordinates":[[[18.01296,39.97083],[18.02285,39.96519],[18.0454,39.97522],[18.0606,39.98466],[18.07449,39.98701],[18.07926,39.98056],[18.06827,39.97039],[18.08232,39.97123],[18.09631,39.97707],[18.09846,39.97172],[18.11205,39.97396],[18.10967,39.9812],[18.10175,39.97811],[18.09687,39.98185],[18.11241,39.989],[18.104,40.00611],[18.09899,40.01017],[18.07736,40.01245],[18.05838,40.00373],[18.04757,40.0015],[18.04209,39.99634],[18.04626,39.98801],[18.04036,39.98312],[18.02783,39.98755],[18.01679,39.97838],[18.01296,39.97083]]]},"properties":{"nome":"Taviano","prov":"LE","prov_nome":"Lecce","istat":"075085"}},{"type":"Feature","geometry":{"type":"Polygon","coordinates":[[[18.35871,39.8949],[18.38135,39.89664],[18.39727,39.89594],[18.39311,39.90327],[18.3865,39.90565],[18.3763,39.91385],[18.34776,39.91099],[18.34176,39.90819],[18.34672,39.89398],[18.35871,39.8949]]]},"properties":{"nome":"Tiggiano","prov":"LE","prov_nome":"Lecce","istat":"075086"}},{"type":"Feature","geometry":{"type":"MultiPolygon","coordinates":[[[[18.05663,40.39856],[18.06475,40.39573],[18.08044,40.38252],[18.08847,40.38686],[18.09529,40.40015],[18.10657,40.40806],[18.08562,40.41688],[18.07807,40.42242],[18.08084,40.42997],[18.08832,40.42805],[18.07205,40.44683],[18.05815,40.43833],[18.0607,40.43446],[18.05502,40.42515],[18.03923,40.42281],[18.03269,40.4244],[18.02618,40.43536],[18.0195,40.43749],[18.01615,40.43138],[18.02101,40.42455],[18.0411,40.41451],[18.05241,40.40645],[18.05663,40.39856]]],[[[18.1448,40.48641],[18.12683,40.49293],[18.12293,40.4976],[18.10164,40.48938],[18.10618,40.49109],[18.11072,40.48191],[18.11592,40.48522],[18.14098,40.48144],[18.1448,40.48641]]]]},"properties":{"nome":"Trepuzzi","prov":"LE","prov_nome":"Lecce","istat":"075087"}},{"type":"Feature","geometry":{"type":"Polygon","coordinates":[[[18.34176,39.90819],[18.34776,39.91099],[18.3763,39.91385],[18.3865,39.90565],[18.39311,39.90327],[18.39042,39.90811],[18.39394,39.91606],[18.3951,39.92983],[18.40141,39.94581],[18.40309,39.96009],[18.36944,39.97179],[18.36624,39.971],[18.35,39.97823],[18.33391,39.97649],[18.32595,39.96276],[18.33383,39.95733],[18.33026,39.95062],[18.30952,39.93425],[18.32084,39.92022],[18.32767,39.91738],[18.33409,39.90962],[18.34176,39.90819]]]},"properties":{"nome":"Tricase","prov":"LE","prov_nome":"Lecce","istat":"075088"}},{"type":"Feature","geometry":{"type":"Polygon","coordinates":[[[18.08009,40.06698],[18.08536,40.06956],[18.09309,40.0616],[18.10816,40.06115],[18.11122,40.08054],[18.1147,40.08206],[18.11366,40.09506],[18.10314,40.08769],[18.09696,40.08851],[18.09402,40.0984],[18.08665,40.08874],[18.08887,40.07914],[18.07994,40.08109],[18.07292,40.07698],[18.07125,40.06975],[18.08009,40.06698]]]},"properties":{"nome":"Tuglie","prov":"LE","prov_nome":"Lecce","istat":"075089"}},{"type":"Feature","geometry":{"type":"Polygon","coordinates":[[[18.08594,39.90065],[18.10202,39.89464],[18.11998,39.88451],[18.14801,39.86302],[18.16444,39.85795],[18.17326,39.8509],[18.18992,39.84699],[18.19057,39.85337],[18.20051,39.85748],[18.20389,39.86695],[18.21215,39.87712],[18.21156,39.88425],[18.22395,39.88583],[18.20487,39.90588],[18.20152,39.91161],[18.20974,39.92366],[18.19985,39.92681],[18.19264,39.93179],[18.18691,39.93958],[18.20207,39.95193],[18.19984,39.95838],[18.20474,39.96224],[18.20162,39.96938],[18.18985,39.9825],[18.18931,39.99031],[18.18421,39.9935],[18.1791,39.99446],[18.15227,39.98138],[18.14853,39.98112],[18.14018,39.97524],[18.14142,39.96828],[18.1385,39.96132],[18.12597,39.95274],[18.12759,39.94833],[18.13028,39.94653],[18.12371,39.92987],[18.11863,39.93097],[18.10783,39.92757],[18.10505,39.91549],[18.08594,39.90065]]]},"properties":{"nome":"Ugento","prov":"LE","prov_nome":"Lecce","istat":"075090"}},{"type":"Feature","geometry":{"type":"Polygon","coordinates":[[[18.42598,40.10736],[18.42991,40.1039],[18.4389,40.08828],[18.43979,40.08811],[18.44963,40.09304],[18.45739,40.08653],[18.46868,40.08598],[18.47716,40.09643],[18.46789,40.09949],[18.46924,40.10802],[18.47376,40.11423],[18.47487,40.12914],[18.47822,40.13671],[18.46559,40.13288],[18.45007,40.12926],[18.44261,40.11791],[18.42598,40.10736]]]},"properties":{"nome":"Uggiano la Chiesa","prov":"LE","prov_nome":"Lecce","istat":"075091"}},{"type":"Feature","geometry":{"type":"Polygon","coordinates":[[[17.97939,40.36265],[17.94423,40.35729],[17.93136,40.35055],[17.91124,40.35313],[17.90281,40.36172],[17.89077,40.36741],[17.8688,40.38161],[17.8513,40.37617],[17.85505,40.3694],[17.83687,40.36886],[17.83602,40.36253],[17.83697,40.35525],[17.85127,40.34328],[17.86316,40.33752],[17.89309,40.32656],[17.91719,40.3267],[17.92246,40.31391],[17.93744,40.30741],[17.94824,40.30716],[17.96444,40.31055],[17.99761,40.32196],[18.00521,40.32585],[17.99992,40.33079],[18.00169,40.3394],[17.99955,40.34611],[17.99483,40.36202],[17.97939,40.36265]]]},"properties":{"nome":"Veglie","prov":"LE","prov_nome":"Lecce","istat":"075092"}},{"type":"Feature","geometry":{"type":"Polygon","coordinates":[[[18.29655,40.26723],[18.31385,40.27074],[18.31169,40.2809],[18.31996,40.28985],[18.32827,40.29471],[18.33418,40.30303],[18.33358,40.31127],[18.37523,40.32781],[18.36567,40.3389],[18.35146,40.35179],[18.31491,40.3745],[18.30587,40.38296],[18.30142,40.37734],[18.29927,40.36009],[18.30078,40.35113],[18.29735,40.34309],[18.27855,40.34414],[18.26837,40.3419],[18.27398,40.33404],[18.26324,40.32793],[18.25523,40.32967],[18.26234,40.32343],[18.25854,40.31491],[18.25732,40.30448],[18.25399,40.30174],[18.26597,40.29291],[18.27481,40.2907],[18.29228,40.28127],[18.2957,40.26704],[18.29655,40.26723]]]},"properties":{"nome":"Vernole","prov":"LE","prov_nome":"Lecce","istat":"075093"}},{"type":"Feature","geometry":{"type":"Polygon","coordinates":[[[18.2713,40.2271],[18.26464,40.22517],[18.25073,40.22827],[18.24786,40.21859],[18.22794,40.20276],[18.23946,40.19042],[18.24153,40.18458],[18.25071,40.18405],[18.25509,40.19018],[18.26107,40.19138],[18.26349,40.21192],[18.27263,40.22665],[18.2713,40.2271]]]},"properties":{"nome":"Zollino","prov":"LE","prov_nome":"Lecce","istat":"075094"}},{"type":"Feature","geometry":{"type":"Polygon","coordinates":[[[18.28002,40.03318],[18.2893,40.02576],[18.31186,40.03029],[18.30852,40.03818],[18.32203,40.04705],[18.32823,40.04566],[18.35462,40.0506],[18.3537,40.06387],[18.3518,40.06773],[18.341,40.06807],[18.31895,40.05653],[18.30682,40.04806],[18.30464,40.0369],[18.29296,40.03327],[18.28002,40.03318]]]},"properties":{"nome":"San Cassiano","prov":"LE","prov_nome":"Lecce","istat":"075095"}},{"type":"Feature","geometry":{"type":"Polygon","coordinates":[[[18.41667,39.99398],[18.4235,40.00053],[18.43166,40.0006],[18.43094,40.0095],[18.43569,40.02467],[18.42756,40.02523],[18.41826,40.01119],[18.41141,40.00568],[18.40026,40.0081],[18.39859,40.00416],[18.41667,39.99398]]]},"properties":{"nome":"Castro","prov":"LE","prov_nome":"Lecce","istat":"075096"}},{"type":"Feature","geometry":{"type":"Polygon","coordinates":[[[17.76795,40.3116],[17.76386,40.29614],[17.79284,40.2924],[17.79624,40.28951],[17.81746,40.28912],[17.82586,40.28478],[17.83883,40.2817],[17.85251,40.28605],[17.86529,40.28124],[17.87116,40.27252],[17.87901,40.27203],[17.89099,40.25978],[17.90124,40.25844],[17.90939,40.24815],[17.91166,40.23896],[17.93095,40.25325],[17.91493,40.26504],[17.87784,40.2871],[17.81674,40.30854],[17.815,40.324],[17.81636,40.33723],[17.79204,40.33672],[17.78108,40.32434],[17.78531,40.31073],[17.76795,40.3116]]]},"properties":{"nome":"Porto Cesareo","prov":"LE","prov_nome":"Lecce","istat":"075097"}},{"type":"Feature","geometry":{"type":"Polygon","coordinates":[[[18.28071,39.91676],[18.2652,39.93074],[18.25764,39.92948],[18.25037,39.93147],[18.22573,39.92529],[18.21759,39.92856],[18.20974,39.92366],[18.20152,39.91161],[18.20487,39.90588],[18.22395,39.88583],[18.21156,39.88425],[18.21215,39.87712],[18.20389,39.86695],[18.20051,39.85748],[18.20946,39.86503],[18.22185,39.86172],[18.24747,39.86419],[18.25538,39.86276],[18.25767,39.86951],[18.2645,39.87758],[18.27473,39.87538],[18.29193,39.87451],[18.29263,39.88293],[18.28848,39.89244],[18.27993,39.90423],[18.28071,39.91676]]]},"properties":{"nome":"Presicce-Acquarica","prov":"LE","prov_nome":"Lecce","istat":"075098"}},{"type":"Feature","geometry":{"type":"Polygon","coordinates":[[[16.33997,41.16652],[16.34416,41.17463],[16.35016,41.17969],[16.35187,41.18968],[16.3634,41.1979],[16.35522,41.20721],[16.3496,41.20904],[16.34082,41.22034],[16.34032,41.22628],[16.34943,41.23004],[16.33743,41.24068],[16.34557,41.24685],[16.33822,41.25387],[16.33343,41.26598],[16.32692,41.26934],[16.3211,41.26972],[16.30812,41.25783],[16.30342,41.25669],[16.29187,41.2658],[16.28385,41.25784],[16.27585,41.25984],[16.27421,41.26769],[16.2604,41.2684],[16.24583,41.26283],[16.23108,41.2655],[16.21667,41.27145],[16.20546,41.26121],[16.18456,41.24808],[16.1778,41.23067],[16.1744,41.22952],[16.1447,41.23191],[16.1294,41.23025],[16.12556,41.22301],[16.1267,41.21731],[16.12138,41.20757],[16.10867,41.1913],[16.1003,41.18364],[16.08407,41.17512],[16.08483,41.17123],[16.0956,41.15593],[16.11236,41.14331],[16.13354,41.13098],[16.1396,41.12421],[16.1635,41.11208],[16.16374,41.10506],[16.15785,41.09045],[16.16978,41.08287],[16.17568,41.08156],[16.18273,41.07216],[16.19149,41.06668],[16.20648,41.06601],[16.20893,41.06235],[16.18819,41.0422],[16.18109,41.02716],[16.18553,41.0188],[16.19157,41.00877],[16.20618,41.01497],[16.21012,41.02283],[16.22385,41.01974],[16.24288,41.01902],[16.25404,41.01478],[16.26662,41.02389],[16.26752,41.02883],[16.26316,41.03319],[16.2787,41.05403],[16.29868,41.07359],[16.29875,41.08451],[16.313,41.09025],[16.32278,41.10678],[16.3437,41.1215],[16.3517,41.13472],[16.34043,41.14303],[16.33769,41.15143],[16.34171,41.15638],[16.33997,41.16652]]]},"properties":{"nome":"Andria","prov":"BAT","prov_nome":"Barletta-Andria-Trani","istat":"110001"}},{"type":"Feature","geometry":{"type":"Polygon","coordinates":[[[16.32692,41.26934],[16.33089,41.28122],[16.35483,41.30585],[16.34003,41.31062],[16.3079,41.31745],[16.28453,41.32535],[16.27679,41.32438],[16.25973,41.32965],[16.24345,41.33723],[16.21256,41.35698],[16.20234,41.35976],[16.2043,41.35471],[16.20675,41.33356],[16.20063,41.33295],[16.19023,41.32574],[16.17482,41.32832],[16.16897,41.32393],[16.17515,41.31551],[16.16446,41.31419],[16.14848,41.30928],[16.14817,41.30098],[16.13993,41.29796],[16.13185,41.29894],[16.12655,41.29278],[16.11226,41.28554],[16.08442,41.28306],[16.07998,41.28408],[16.0797,41.28014],[16.06702,41.27509],[16.0772,41.27121],[16.09308,41.27633],[16.09999,41.27077],[16.10647,41.26039],[16.11475,41.252],[16.11821,41.24235],[16.12419,41.23693],[16.14331,41.23483],[16.1447,41.23191],[16.1744,41.22952],[16.1778,41.23067],[16.18456,41.24808],[16.20546,41.26121],[16.21667,41.27145],[16.23108,41.2655],[16.24583,41.26283],[16.2604,41.2684],[16.27421,41.26769],[16.27585,41.25984],[16.28385,41.25784],[16.29187,41.2658],[16.30342,41.25669],[16.30812,41.25783],[16.3211,41.26972],[16.32692,41.26934]]]},"properties":{"nome":"Barletta","prov":"BAT","prov_nome":"Barletta-Andria-Trani","istat":"110002"}},{"type":"Feature","geometry":{"type":"Polygon","coordinates":[[[16.46789,41.15248],[16.48271,41.15365],[16.50384,41.15134],[16.50809,41.15937],[16.51696,41.17247],[16.51089,41.18302],[16.51734,41.19235],[16.5338,41.20739],[16.53925,41.21616],[16.54226,41.22947],[16.53123,41.23897],[16.51792,41.2433],[16.50537,41.24347],[16.50501,41.24698],[16.48534,41.25123],[16.4777,41.25573],[16.46759,41.25576],[16.4502,41.23401],[16.4558,41.2266],[16.44382,41.21111],[16.43377,41.22165],[16.42896,41.21903],[16.43566,41.20544],[16.42878,41.19032],[16.43632,41.1882],[16.44338,41.17984],[16.45646,41.17388],[16.46368,41.1636],[16.46789,41.15248]]]},"properties":{"nome":"Bisceglie","prov":"BAT","prov_nome":"Barletta-Andria-Trani","istat":"110003"}},{"type":"Feature","geometry":{"type":"Polygon","coordinates":[[[15.87025,41.13992],[15.8777,41.13772],[15.89436,41.12325],[15.90079,41.12641],[15.9214,41.11154],[15.93178,41.10901],[15.93755,41.11358],[15.9788,41.14042],[15.98104,41.14806],[15.99527,41.14886],[16.01187,41.15797],[16.03158,41.16367],[16.04995,41.16297],[16.07578,41.17059],[16.08407,41.17512],[16.1003,41.18364],[16.10867,41.1913],[16.12138,41.20757],[16.1267,41.21731],[16.12556,41.22301],[16.1294,41.23025],[16.1447,41.23191],[16.14331,41.23483],[16.12419,41.23693],[16.11821,41.24235],[16.11475,41.252],[16.10647,41.26039],[16.09999,41.27077],[16.09308,41.27633],[16.0772,41.27121],[16.06702,41.27509],[16.05717,41.26755],[16.0604,41.25611],[16.04979,41.24655],[16.04022,41.24064],[16.02281,41.23511],[16.01981,41.22936],[16.02041,41.2205],[16.01293,41.2118],[15.99542,41.20601],[15.99648,41.19944],[15.99161,41.1954],[15.9816,41.19489],[15.97698,41.19135],[15.95046,41.18339],[15.93203,41.18297],[15.9176,41.17406],[15.91051,41.1661],[15.90345,41.16282],[15.89288,41.154],[15.88384,41.1508],[15.87025,41.13992]]]},"properties":{"nome":"Canosa di Puglia","prov":"BAT","prov_nome":"Barletta-Andria-Trani","istat":"110004"}},{"type":"Feature","geometry":{"type":"Polygon","coordinates":[[[16.0248,41.42141],[16.05842,41.39361],[16.09154,41.37711],[16.09708,41.38192],[16.11324,41.37508],[16.12608,41.37203],[16.14449,41.36001],[16.15385,41.34918],[16.15605,41.34334],[16.18616,41.33776],[16.19651,41.33762],[16.20063,41.33295],[16.20675,41.33356],[16.2043,41.35471],[16.20234,41.35976],[16.1713,41.36858],[16.15121,41.37805],[16.13505,41.38758],[16.13013,41.38632],[16.05007,41.41812],[16.02478,41.42576],[16.0248,41.42141]]]},"properties":{"nome":"Margherita di Savoia","prov":"BAT","prov_nome":"Barletta-Andria-Trani","istat":"110005"}},{"type":"Feature","geometry":{"type":"Polygon","coordinates":[[[16.08407,41.17512],[16.07578,41.17059],[16.04995,41.16297],[16.03158,41.16367],[16.01187,41.15797],[15.99527,41.14886],[15.98104,41.14806],[15.9788,41.14042],[15.93755,41.11358],[15.9522,41.11056],[15.95996,41.10005],[15.95414,41.09312],[15.97625,41.09417],[15.98304,41.0887],[15.98015,41.08159],[15.99869,41.05477],[16.00937,41.05724],[16.02689,41.04787],[16.0399,41.03414],[16.04047,41.02836],[16.04356,41.01987],[16.05002,41.01171],[16.06459,41.00216],[16.09609,40.98971],[16.10864,40.98274],[16.11654,40.98991],[16.13158,40.99192],[16.14577,40.99693],[16.15025,41.00271],[16.18553,41.0188],[16.18109,41.02716],[16.18819,41.0422],[16.20893,41.06235],[16.20648,41.06601],[16.19149,41.06668],[16.18273,41.07216],[16.17568,41.08156],[16.16978,41.08287],[16.15785,41.09045],[16.16374,41.10506],[16.1635,41.11208],[16.1396,41.12421],[16.13354,41.13098],[16.11236,41.14331],[16.0956,41.15593],[16.08483,41.17123],[16.08407,41.17512]]]},"properties":{"nome":"Minervino Murge","prov":"BAT","prov_nome":"Barletta-Andria-Trani","istat":"110006"}},{"type":"Feature","geometry":{"type":"Polygon","coordinates":[[[16.01981,41.22936],[16.02281,41.23511],[16.04022,41.24064],[16.04979,41.24655],[16.0604,41.25611],[16.05717,41.26755],[16.06702,41.27509],[16.0797,41.28014],[16.07998,41.28408],[16.07605,41.29041],[16.08078,41.29928],[16.08731,41.31745],[16.0784,41.32055],[16.04872,41.32225],[16.03113,41.31396],[16.03283,41.3081],[16.01481,41.3035],[16.0017,41.3026],[15.98759,41.30462],[16.008,41.27364],[16.01253,41.26428],[16.02245,41.26398],[16.04024,41.26991],[16.02868,41.2507],[16.01751,41.23915],[16.01981,41.22936]]]},"properties":{"nome":"San Ferdinando di Puglia","prov":"BAT","prov_nome":"Barletta-Andria-Trani","istat":"110007"}},{"type":"Feature","geometry":{"type":"Polygon","coordinates":[[[16.26642,41.00535],[16.25404,41.01478],[16.24288,41.01902],[16.22385,41.01974],[16.21012,41.02283],[16.20618,41.01497],[16.19157,41.00877],[16.18553,41.0188],[16.15025,41.00271],[16.14577,40.99693],[16.13158,40.99192],[16.11654,40.98991],[16.10864,40.98274],[16.09609,40.98971],[16.06459,41.00216],[16.05002,41.01171],[16.04356,41.01987],[16.04047,41.02836],[16.02793,41.02408],[16.02759,41.01158],[16.03118,40.99802],[16.02704,40.99121],[16.00285,40.97021],[15.98373,40.96997],[15.97181,40.97213],[15.97663,40.95845],[15.98317,40.95446],[16.00506,40.94959],[16.02606,40.94353],[16.04895,40.93545],[16.06184,40.92853],[16.09188,40.92098],[16.09945,40.91688],[16.10573,40.90981],[16.1213,40.89924],[16.13498,40.90759],[16.13807,40.91835],[16.1487,40.92352],[16.15556,40.92269],[16.16297,40.92858],[16.20246,40.91753],[16.20911,40.92856],[16.23251,40.95153],[16.25189,40.96218],[16.26642,41.00535]]]},"properties":{"nome":"Spinazzola","prov":"BAT","prov_nome":"Barletta-Andria-Trani","istat":"110008"}},{"type":"Feature","geometry":{"type":"Polygon","coordinates":[[[16.42878,41.19032],[16.43566,41.20544],[16.42896,41.21903],[16.43377,41.22165],[16.44382,41.21111],[16.4558,41.2266],[16.4502,41.23401],[16.46759,41.25576],[16.44783,41.26232],[16.426,41.27687],[16.41936,41.28251],[16.40085,41.28513],[16.38687,41.2904],[16.35483,41.30585],[16.33089,41.28122],[16.32692,41.26934],[16.33343,41.26598],[16.33822,41.25387],[16.34557,41.24685],[16.33743,41.24068],[16.34943,41.23004],[16.34032,41.22628],[16.34082,41.22034],[16.3496,41.20904],[16.35522,41.20721],[16.3634,41.1979],[16.35187,41.18968],[16.35016,41.17969],[16.34416,41.17463],[16.33997,41.16652],[16.34922,41.1639],[16.35872,41.16427],[16.36382,41.17119],[16.38124,41.1817],[16.38787,41.19473],[16.39708,41.19414],[16.39807,41.18937],[16.41548,41.18709],[16.42878,41.19032]]]},"properties":{"nome":"Trani","prov":"BAT","prov_nome":"Barletta-Andria-Trani","istat":"110009"}},{"type":"Feature","geometry":{"type":"Polygon","coordinates":[[[15.98759,41.30462],[16.0017,41.3026],[16.01481,41.3035],[16.03283,41.3081],[16.03113,41.31396],[16.04872,41.32225],[16.0784,41.32055],[16.08731,41.31745],[16.08078,41.29928],[16.07605,41.29041],[16.07998,41.28408],[16.08442,41.28306],[16.11226,41.28554],[16.12655,41.29278],[16.13185,41.29894],[16.13993,41.29796],[16.14817,41.30098],[16.14848,41.30928],[16.16446,41.31419],[16.17515,41.31551],[16.16897,41.32393],[16.17482,41.32832],[16.19023,41.32574],[16.20063,41.33295],[16.19651,41.33762],[16.18616,41.33776],[16.15605,41.34334],[16.15385,41.34918],[16.14449,41.36001],[16.12608,41.37203],[16.11324,41.37508],[16.09708,41.38192],[16.09154,41.37711],[16.05842,41.39361],[16.0248,41.42141],[15.99943,41.43021],[15.97919,41.43833],[15.95221,41.44121],[15.93695,41.42582],[15.93746,41.42472],[15.98022,41.41127],[15.98358,41.40549],[15.99995,41.40082],[16.01767,41.38991],[16.03727,41.38342],[16.03109,41.37392],[15.99214,41.36101],[15.98193,41.36079],[15.9834,41.30469],[15.98759,41.30462]]]},"properties":{"nome":"Trinitapoli","prov":"BAT","prov_nome":"Barletta-Andria-Trani","istat":"110010"}}]}